{"type":"FeatureCollection","features":[{"type":"Feature","properties":{},"geometry":{"type":"LineString","coordinates":[[-81.3223,24.6851],[-81.4201,24.75],[-81.4217,24.7326],[-81.3791,24.6663],[-81.3791,24.6363],[-81.3648,24.6299],[-81.3348,24.6505],[-81.3198,24.6676],[-81.3223,24.6851]]}},{"type":"Feature","properties":{},"geometry":{"type":"LineString","coordinates":[[-80.7994,24.8463],[-80.8389,24.8179],[-80.8483,24.8037],[-80.8294,24.8037],[-80.7868,24.821],[-80.7852,24.8353],[-80.7994,24.8463]]}},{"type":"Feature","properties":{},"geometry":{"type":"LineString","coordinates":[[-80.6257,24.9411],[-80.6651,24.8984],[-80.6383,24.9032],[-80.6146,24.9379],[-80.6257,24.9411]]}},{"type":"Feature","properties":{},"geometry":{"type":"LineString","coordinates":[[-76.3499,18.1519],[-76.7007,18.2572],[-76.7933,18.3043],[-76.9082,18.3904],[-76.9594,18.4019],[-77.0138,18.4029],[-77.1396,18.4215],[-77.2615,18.4574],[-77.3542,18.4665],[-77.4516,18.467],[-77.8734,18.5222],[-77.9269,18.5007],[-77.9782,18.4678],[-78.0945,18.4448],[-78.2167,18.4481],[-78.2524,18.4263],[-78.326,18.3498],[-78.3395,18.2872],[-78.2941,18.2181],[-78.0736,18.1912],[-78.0445,18.1738],[-77.963,18.0476],[-77.8813,18.019],[-77.8494,17.9875],[-77.7682,17.8774],[-77.6708,17.8597],[-77.4639,17.8561],[-77.3614,17.8337],[-77.2799,17.7795],[-77.205,17.7149],[-77.1584,17.8451],[-77.1195,17.8801],[-77.0713,17.9013],[-77.0359,17.8541],[-76.9441,17.8488],[-76.8962,17.9041],[-76.8532,17.9737],[-76.7948,17.9763],[-76.7483,17.9649],[-76.7743,17.9404],[-76.6694,17.9276],[-76.6254,17.901],[-76.5246,17.8662],[-76.4155,17.8682],[-76.3015,17.8798],[-76.2108,17.9135],[-76.2328,17.9703],[-76.3499,18.1519]]}},{"type":"Feature","properties":{},"geometry":{"type":"LineString","coordinates":[[-74.5131,20.3846],[-74.6625,20.5221],[-74.7321,20.5732],[-74.8826,20.6506],[-74.9597,20.6727],[-75.2133,20.7139],[-75.3381,20.7016],[-75.5246,20.7167],[-75.6428,20.7335],[-75.7246,20.7146],[-75.753,20.7362],[-75.7604,20.7755],[-75.7402,20.812],[-75.5973,20.8376],[-75.6629,20.8981],[-75.6385,20.9475],[-75.5958,20.9947],[-75.6337,21.0613],[-75.7229,21.111],[-75.899,21.1143],[-76.0736,21.1334],[-76.2592,21.2274],[-76.4552,21.2736],[-76.5517,21.2721],[-76.6474,21.2845],[-76.6885,21.3404],[-76.7261,21.3589],[-76.765,21.3624],[-76.8674,21.3304],[-76.8598,21.3648],[-76.8363,21.3995],[-76.9281,21.459],[-77.0986,21.589],[-77.141,21.5386],[-77.2079,21.4789],[-77.2529,21.4835],[-77.2696,21.5379],[-77.3662,21.6126],[-77.2445,21.5938],[-77.1812,21.5977],[-77.1441,21.6436],[-77.2221,21.6724],[-77.2995,21.7123],[-77.3421,21.7553],[-77.4973,21.8716],[-77.5832,21.8893],[-77.5733,21.8683],[-77.5065,21.811],[-77.4971,21.7883],[-77.5451,21.7746],[-77.6368,21.7974],[-77.865,21.9006],[-77.9705,21.972],[-78.1431,22.1094],[-78.6865,22.3668],[-78.7192,22.3581],[-78.776,22.3673],[-78.8354,22.3909],[-78.9019,22.396],[-79.183,22.3879],[-79.2757,22.4076],[-79.3583,22.4489],[-79.4565,22.5099],[-79.5492,22.5778],[-79.6767,22.7431],[-79.8507,22.8272],[-79.8203,22.887],[-79.9235,22.8691],[-79.9599,22.8769],[-80.0752,22.9423],[-80.1676,22.9494],[-80.2662,22.935],[-80.3649,22.9434],[-80.4592,22.975],[-80.5505,23.0166],[-80.6134,23.0837],[-80.6501,23.1031],[-81.0077,23.0898],[-81.1446,23.0549],[-81.1786,23.0597],[-81.2716,23.1286],[-81.2624,23.1568],[-81.3636,23.1297],[-81.5754,23.1165],[-81.8375,23.163],[-82.1014,23.1904],[-82.3505,23.154],[-82.5878,23.0646],[-82.6658,23.0436],[-83.1772,22.983],[-83.2578,22.9676],[-84.0449,22.666],[-84.1218,22.6186],[-84.2813,22.4742],[-84.3613,22.3789],[-84.383,22.2556],[-84.3264,22.0743],[-84.3731,22.0359],[-84.4331,22.0313],[-84.4942,22.0416],[-84.5328,22.0312],[-84.8772,21.8941],[-84.8872,21.857],[-84.8382,21.8279],[-84.7858,21.8423],[-84.6827,21.8991],[-84.6269,21.9204],[-84.56,21.933],[-84.5014,21.9303],[-84.4909,21.8543],[-84.5026,21.7762],[-84.4488,21.7917],[-84.2407,21.8983],[-84.1383,21.929],[-84.031,21.9431],[-83.998,21.9801],[-83.9633,22.0921],[-83.9327,22.1497],[-83.9007,22.1701],[-83.6866,22.1799],[-83.6431,22.189],[-83.6015,22.2087],[-83.544,22.2089],[-83.4859,22.1871],[-83.3796,22.223],[-83.2921,22.3032],[-83.1894,22.3554],[-83.1437,22.3865],[-83.1071,22.4299],[-83.0094,22.514],[-82.8612,22.5951],[-82.7864,22.6584],[-82.738,22.6893],[-81.9034,22.679],[-81.8388,22.6725],[-81.7899,22.657],[-81.7457,22.6329],[-81.7027,22.5919],[-81.6833,22.5348],[-81.7104,22.4967],[-81.7571,22.4667],[-81.973,22.4218],[-82.0777,22.3877],[-81.9726,22.2909],[-81.8494,22.2137],[-81.8162,22.2002],[-81.4411,22.1838],[-81.3553,22.1041],[-81.2844,22.1094],[-81.2224,22.1429],[-81.1996,22.2029],[-81.1855,22.268],[-81.1414,22.2069],[-81.1167,22.1342],[-81.0831,22.0979],[-81.0356,22.0736],[-80.9619,22.0529],[-80.4991,22.0635],[-80.4848,22.0872],[-80.4854,22.1234],[-80.3929,22.0337],[-80.3107,21.9334],[-80.2313,21.8722],[-80.1383,21.8292],[-79.9103,21.7426],[-79.3574,21.5852],[-79.2744,21.5626],[-79.1892,21.5528],[-78.8229,21.6189],[-78.7277,21.5927],[-78.6365,21.5155],[-78.5766,21.4138],[-78.5373,21.2968],[-78.4908,21.0537],[-78.4539,21.011],[-78.4063,20.9739],[-78.3139,20.9275],[-78.1164,20.7619],[-77.9973,20.7154],[-77.8569,20.7136],[-77.5927,20.6901],[-77.467,20.6895],[-77.3476,20.6724],[-77.2296,20.6438],[-77.2055,20.6108],[-77.189,20.56],[-77.1079,20.4917],[-77.093,20.4529],[-77.1038,20.4075],[-77.1494,20.3473],[-77.2134,20.3004],[-77.5538,20.0821],[-77.7151,19.8555],[-77.4632,19.8614],[-77.212,19.8938],[-76.9995,19.8928],[-76.8902,19.9213],[-76.7797,19.9402],[-76.5156,19.9567],[-76.2528,19.9872],[-76.1584,19.9897],[-75.7651,19.9604],[-75.6572,19.9322],[-75.552,19.8911],[-75.2905,19.8931],[-75.2194,19.9236],[-75.1773,19.9594],[-75.1516,20.0084],[-75.122,19.9539],[-75.1241,19.9247],[-75.1164,19.9014],[-75.0032,19.9286],[-74.9551,19.9579],[-74.85,20.0023],[-74.6348,20.0582],[-74.4122,20.0753],[-74.2528,20.0797],[-74.2174,20.1171],[-74.1537,20.1686],[-74.1368,20.2319],[-74.1675,20.2922],[-74.1985,20.3115],[-74.2339,20.3264],[-74.2728,20.3174],[-74.3844,20.3305],[-74.5131,20.3846]]}},{"type":"Feature","properties":{},"geometry":{"type":"LineString","coordinates":[[-68.6848,18.9048],[-68.9014,18.9885],[-69.0313,19.0132],[-69.163,19.0285],[-69.2802,19.0519],[-69.3953,19.0861],[-69.5083,19.1076],[-69.6236,19.1178],[-69.6232,19.1605],[-69.606,19.2065],[-69.5197,19.212],[-69.3228,19.2011],[-69.2643,19.2257],[-69.2325,19.2718],[-69.325,19.3277],[-69.7394,19.2992],[-69.8234,19.3671],[-69.8783,19.4733],[-69.8912,19.5897],[-69.9568,19.6719],[-70.0141,19.6729],[-70.1294,19.6361],[-70.1938,19.638],[-70.3047,19.6761],[-70.4364,19.7712],[-70.4793,19.777],[-70.6362,19.7756],[-70.6859,19.7933],[-70.7853,19.8509],[-70.8339,19.8873],[-70.9541,19.914],[-71.0819,19.8905],[-71.2359,19.8481],[-71.2813,19.8474],[-71.4417,19.894],[-71.5578,19.8954],[-71.616,19.8774],[-71.6674,19.8486],[-71.7061,19.7952],[-71.7351,19.7351],[-71.7792,19.7182],[-71.8347,19.6967],[-71.9543,19.7217],[-72.2198,19.7446],[-72.4299,19.8133],[-72.637,19.9009],[-72.8765,19.9281],[-73.1178,19.9038],[-73.2178,19.8837],[-73.3153,19.8546],[-73.4005,19.8074],[-73.4384,19.7221],[-73.3963,19.6587],[-73.3155,19.6373],[-73.0527,19.6107],[-72.8634,19.5261],[-72.7032,19.4411],[-72.7418,19.3418],[-72.768,19.2406],[-72.7412,19.1313],[-72.8111,19.0716],[-72.6491,18.8941],[-72.4652,18.7436],[-72.3477,18.675],[-72.3467,18.6237],[-72.3761,18.5745],[-72.4181,18.5587],[-72.6181,18.5508],[-72.6598,18.5153],[-72.696,18.4682],[-72.7395,18.4421],[-72.7894,18.4348],[-72.9173,18.4557],[-73.5916,18.5224],[-73.687,18.5653],[-73.8625,18.5754],[-73.976,18.6014],[-74.1003,18.6411],[-74.2277,18.6627],[-74.2845,18.6567],[-74.3875,18.6247],[-74.4781,18.45],[-74.46,18.3931],[-74.419,18.3462],[-74.1946,18.2692],[-74.0854,18.2151],[-73.9895,18.1432],[-73.885,18.0419],[-73.8392,18.0582],[-73.8247,18.1218],[-73.7473,18.1902],[-73.644,18.2291],[-73.5148,18.2454],[-73.3852,18.2512],[-73.2723,18.2335],[-73.1601,18.2056],[-72.8767,18.1518],[-72.7553,18.1562],[-72.6333,18.1762],[-72.5919,18.1869],[-72.5532,18.2084],[-72.5036,18.2199],[-72.0599,18.2286],[-72.0021,18.212],[-71.9461,18.1861],[-71.8529,18.1191],[-71.7683,18.0392],[-71.7125,18.0055],[-71.6737,17.9541],[-71.6572,17.8887],[-71.6583,17.8211],[-71.6317,17.7736],[-71.569,17.7574],[-71.5184,17.725],[-71.439,17.6356],[-71.3957,17.6461],[-71.3583,17.6941],[-71.2673,17.8496],[-71.106,18.07],[-71.0826,18.1284],[-71.0822,18.2244],[-71.07,18.2503],[-71.0278,18.2732],[-70.9243,18.2925],[-70.7588,18.3456],[-70.6447,18.3362],[-70.5654,18.2676],[-70.4799,18.2173],[-70.1831,18.2518],[-70.1416,18.2771],[-70.0633,18.3457],[-70.0183,18.3736],[-69.8964,18.4177],[-69.7707,18.4436],[-69.6447,18.4364],[-69.5194,18.4157],[-69.397,18.4201],[-69.2745,18.4398],[-69.0723,18.3992],[-68.935,18.408],[-68.8195,18.3393],[-68.7785,18.2661],[-68.721,18.2184],[-68.6874,18.2149],[-68.6588,18.222],[-68.6122,18.3063],[-68.5638,18.3555],[-68.4932,18.379],[-68.4448,18.4177],[-68.3593,18.5381],[-68.3392,18.6115],[-68.3814,18.6711],[-68.4454,18.7145],[-68.6848,18.9048]]}},{"type":"Feature","properties":{},"geometry":{"type":"LineString","coordinates":[[-69.9731,12.5676],[-70.0351,12.6141],[-70.0509,12.5971],[-70.0661,12.547],[-70.0041,12.5005],[-69.9422,12.4385],[-69.8957,12.423],[-69.8991,12.452],[-69.9118,12.4805],[-69.9731,12.5676]]}},{"type":"Feature","properties":{},"geometry":{"type":"LineString","coordinates":[[-73.1706,18.9673],[-73.2764,18.9541],[-73.2853,18.8967],[-73.078,18.7909],[-72.8222,18.7071],[-72.8046,18.7777],[-72.9192,18.8615],[-73.0691,18.932],[-73.1706,18.9673]]}},{"type":"Feature","properties":{},"geometry":{"type":"LineString","coordinates":[[-77.4513,25.0807],[-77.5273,25.0577],[-77.5619,25.03],[-77.5412,25.0136],[-77.4605,24.9931],[-77.3476,25.0139],[-77.2691,25.0438],[-77.2756,25.0558],[-77.3291,25.083],[-77.4513,25.0807]]}},{"type":"Feature","properties":{},"geometry":{"type":"LineString","coordinates":[[-81.0853,24.7342],[-81.1374,24.7105],[-81.09,24.6931],[-81.0442,24.7168],[-80.9889,24.7279],[-80.9305,24.7595],[-81.0853,24.7342]]}},{"type":"Feature","properties":{},"geometry":{"type":"LineString","coordinates":[[-86.3378,16.4392],[-86.2555,16.4282],[-86.4199,16.3784],[-86.5803,16.3002],[-86.6304,16.3018],[-86.5569,16.3621],[-86.4383,16.4139],[-86.3378,16.4392]]}},{"type":"Feature","properties":{},"geometry":{"type":"LineString","coordinates":[[-78.8392,8.3479],[-78.8532,8.3024],[-78.8983,8.2743],[-78.9181,8.2319],[-78.9649,8.3263],[-78.9574,8.3506],[-78.9606,8.4358],[-78.916,8.4583],[-78.8833,8.4603],[-78.8562,8.4482],[-78.8392,8.3479]]}},{"type":"Feature","properties":{},"geometry":{"type":"LineString","coordinates":[[-77.5319,23.9394],[-77.5368,23.9617],[-77.532,23.9876],[-77.5615,24.1368],[-77.6154,24.2164],[-77.6833,24.1185],[-77.7553,24.1635],[-77.6562,24.2266],[-77.6577,24.2495],[-77.7015,24.2875],[-77.7574,24.2699],[-77.8496,24.2575],[-77.8836,24.242],[-77.95,24.2531],[-77.9999,24.2198],[-77.9141,24.0909],[-77.8522,24.0404],[-77.8063,23.8835],[-77.7758,23.8624],[-77.7713,23.7525],[-77.5737,23.7392],[-77.5187,23.8694],[-77.5213,23.9108],[-77.5319,23.9394]]}},{"type":"Feature","properties":{},"geometry":{"type":"LineString","coordinates":[[-77.7744,22.083],[-77.8547,22.0919],[-77.9186,22.0881],[-77.9,22.0372],[-77.8232,21.9879],[-77.7836,21.9704],[-77.755,21.9656],[-77.7101,21.9213],[-77.669,21.952],[-77.646,21.9965],[-77.6337,22.054],[-77.7744,22.083]]}},{"type":"Feature","properties":{},"geometry":{"type":"LineString","coordinates":[[-78.0271,22.2852],[-78.0617,22.3059],[-78.0941,22.3872],[-78.1506,22.4315],[-78.201,22.4376],[-78.2735,22.4236],[-78.27,22.4022],[-78.2261,22.38],[-78.18,22.322],[-78.1017,22.3058],[-78.0475,22.2685],[-78.0271,22.2852]]}},{"type":"Feature","properties":{},"geometry":{"type":"LineString","coordinates":[[-78.2839,22.4555],[-78.3512,22.5386],[-78.3996,22.5475],[-78.4453,22.5438],[-78.4929,22.5311],[-78.6301,22.5522],[-78.6955,22.534],[-78.6736,22.5088],[-78.629,22.4882],[-78.5477,22.464],[-78.4246,22.4601],[-78.3899,22.4451],[-78.343,22.4451],[-78.2839,22.4555]]}},{"type":"Feature","properties":{},"geometry":{"type":"LineString","coordinates":[[-77.5106,26.846],[-77.3299,26.6184],[-77.2386,26.5611],[-77.2061,26.489],[-77.2301,26.4247],[-77.2211,26.3618],[-77.2478,26.2891],[-77.2468,26.1563],[-77.2939,26.0955],[-77.4032,26.0247],[-77.3333,25.9956],[-77.2464,25.8955],[-77.2256,25.9042],[-77.191,25.9555],[-77.1673,26.2403],[-77.0383,26.3334],[-77.0664,26.5302],[-77.1621,26.5973],[-77.2572,26.6388],[-77.2693,26.663],[-77.2659,26.6888],[-77.2959,26.7117],[-77.3687,26.7476],[-77.4494,26.8364],[-77.5339,26.9034],[-77.6721,26.9139],[-77.7875,26.9356],[-77.8625,26.9401],[-77.9437,26.9036],[-77.796,26.9013],[-77.5106,26.846]]}},{"type":"Feature","properties":{},"geometry":{"type":"LineString","coordinates":[[-74.2422,22.7151],[-74.0986,22.6654],[-74.0348,22.7056],[-74.0575,22.7235],[-74.1754,22.7599],[-74.2215,22.8116],[-74.307,22.8396],[-74.314,22.8036],[-74.3031,22.7645],[-74.2746,22.7117],[-74.2422,22.7151]]}},{"type":"Feature","properties":{},"geometry":{"type":"LineString","coordinates":[[-74.4294,24.0681],[-74.4505,24.1255],[-74.472,24.1267],[-74.5269,24.1051],[-74.5509,23.9689],[-74.5087,23.9597],[-74.4294,24.0681]]}},{"type":"Feature","properties":{},"geometry":{"type":"LineString","coordinates":[[-73.661,20.9374],[-73.4008,20.9439],[-73.1646,20.9792],[-73.0587,21.119],[-73.0269,21.1924],[-73.0117,21.2995],[-73.0585,21.3134],[-73.1373,21.2048],[-73.2354,21.1545],[-73.3016,21.1562],[-73.4245,21.2018],[-73.5231,21.1908],[-73.5851,21.1259],[-73.6804,21.1033],[-73.6696,21.0822],[-73.6678,21.0616],[-73.6868,21.0091],[-73.6812,20.9756],[-73.661,20.9374]]}},{"type":"Feature","properties":{},"geometry":{"type":"LineString","coordinates":[[-73.9146,22.568],[-73.9064,22.5274],[-73.936,22.4777],[-73.995,22.4492],[-74.0101,22.428],[-74.0523,22.4006],[-74.1268,22.3234],[-74.2613,22.2355],[-74.2769,22.1837],[-74.2067,22.2138],[-74.0929,22.3063],[-73.9746,22.3612],[-73.8365,22.5384],[-73.8775,22.6808],[-73.85,22.7311],[-73.9542,22.7155],[-73.9755,22.6823],[-73.9764,22.6351],[-73.9146,22.568]]}},{"type":"Feature","properties":{},"geometry":{"type":"LineString","coordinates":[[-76.3438,25.332],[-76.4842,25.3746],[-76.6488,25.4874],[-76.7108,25.5649],[-76.727,25.5516],[-76.7489,25.4806],[-76.7807,25.4269],[-76.6928,25.4427],[-76.6207,25.4316],[-76.4999,25.3416],[-76.3693,25.3126],[-76.2843,25.2221],[-76.1604,25.1193],[-76.1525,25.026],[-76.2043,24.9362],[-76.2138,24.8225],[-76.32,24.8177],[-76.3003,24.7959],[-76.2412,24.7543],[-76.2052,24.6821],[-76.1695,24.6494],[-76.1747,24.7598],[-76.1405,24.8856],[-76.1149,25.0947],[-76.1266,25.1405],[-76.192,25.1908],[-76.3438,25.332]]}},{"type":"Feature","properties":{},"geometry":{"type":"LineString","coordinates":[[-75.9486,23.6474],[-76.0104,23.6714],[-76.0371,23.6028],[-75.956,23.5923],[-75.781,23.4707],[-75.7063,23.4442],[-75.6646,23.4501],[-75.7542,23.49],[-75.8075,23.5425],[-75.9486,23.6474]]}},{"type":"Feature","properties":{},"geometry":{"type":"LineString","coordinates":[[-75.1306,23.2679],[-75.1411,23.2046],[-75.2044,23.1927],[-75.2233,23.1653],[-75.1321,23.1171],[-74.9733,23.0686],[-74.8469,22.8687],[-74.8405,22.8943],[-74.8456,22.9999],[-74.9371,23.0881],[-75.0642,23.1502],[-75.1088,23.3328],[-75.1753,23.4387],[-75.2166,23.5468],[-75.316,23.6684],[-75.3098,23.5898],[-75.2882,23.5683],[-75.2413,23.4746],[-75.1576,23.3364],[-75.1306,23.2679]]}},{"type":"Feature","properties":{},"geometry":{"type":"LineString","coordinates":[[-75.5265,24.4495],[-75.6535,24.6809],[-75.7096,24.6975],[-75.7267,24.6894],[-75.744,24.6547],[-75.661,24.5898],[-75.6391,24.5294],[-75.5928,24.4913],[-75.4939,24.3304],[-75.4089,24.2658],[-75.4124,24.2209],[-75.4811,24.1739],[-75.5032,24.1391],[-75.4676,24.1396],[-75.3687,24.1595],[-75.3018,24.1492],[-75.3084,24.2],[-75.5182,24.4273],[-75.5265,24.4495]]}},{"type":"Feature","properties":{},"geometry":{"type":"LineString","coordinates":[[-77.8794,22.1275],[-77.8425,22.149],[-77.8891,22.2011],[-77.8937,22.2146],[-77.9696,22.2407],[-77.9856,22.3021],[-77.9992,22.2987],[-78.0067,22.248],[-78.0416,22.2013],[-78.0119,22.1664],[-77.9124,22.1247],[-77.8794,22.1275]]}},{"type":"Feature","properties":{},"geometry":{"type":"LineString","coordinates":[[-78.3665,24.5442],[-78.2576,24.4828],[-78.1916,24.4661],[-78.1458,24.4935],[-78.1357,24.4124],[-78.0758,24.3646],[-78.0449,24.2875],[-77.9832,24.335],[-77.8812,24.3691],[-77.8534,24.4029],[-77.7452,24.4635],[-77.7351,24.4958],[-77.746,24.5863],[-77.7438,24.7074],[-77.8401,24.7944],[-77.9189,24.9428],[-77.9734,25.0048],[-77.9753,25.0848],[-78.0333,25.1431],[-78.1628,25.2023],[-78.2114,25.1913],[-78.1593,25.0224],[-78.1841,24.9171],[-78.2988,24.7539],[-78.2738,24.6916],[-78.2601,24.6873],[-78.2427,24.6538],[-78.319,24.5902],[-78.3389,24.642],[-78.4353,24.6276],[-78.3665,24.5442]]}},{"type":"Feature","properties":{},"geometry":{"type":"LineString","coordinates":[[-81.5623,24.6892],[-81.5792,24.6294],[-81.6315,24.59],[-81.5667,24.5999],[-81.5322,24.6142],[-81.5316,24.6425],[-81.5623,24.6892]]}},{"type":"Feature","properties":{},"geometry":{"type":"LineString","coordinates":[[-82.6818,21.8211],[-82.7146,21.8903],[-82.7558,21.9095],[-82.9912,21.9427],[-83.0777,21.8335],[-83.0825,21.7914],[-82.9736,21.5923],[-83.0072,21.5656],[-83.0549,21.5494],[-83.1129,21.5737],[-83.1802,21.623],[-83.1838,21.5935],[-83.1415,21.5319],[-83.0673,21.4694],[-82.9596,21.4413],[-82.8532,21.4439],[-82.6548,21.5187],[-82.5618,21.5717],[-82.5678,21.6218],[-82.6294,21.7669],[-82.6818,21.8211]]}},{"type":"Feature","properties":{},"geometry":{"type":"LineString","coordinates":[[-79.3822,22.6813],[-79.5791,22.8067],[-79.6282,22.8052],[-79.5979,22.7876],[-79.5228,22.7111],[-79.3479,22.6377],[-79.3496,22.6639],[-79.3822,22.6813]]}},{"type":"Feature","properties":{},"geometry":{"type":"LineString","coordinates":[[-80.2571,25.3476],[-80.2805,25.3413],[-80.3513,25.297],[-80.3549,25.2336],[-80.4037,25.1793],[-80.456,25.1493],[-80.4811,25.102],[-80.5585,25.0013],[-80.5806,24.9542],[-80.3818,25.1423],[-80.2571,25.3476]]}},{"type":"Feature","properties":{},"geometry":{"type":"LineString","coordinates":[[-87.8485,18.1404],[-87.8589,18.1541],[-87.8983,18.1549],[-87.9533,18.0011],[-87.959,17.964],[-87.9981,17.9063],[-87.9506,17.925],[-87.8485,18.1404]]}},{"type":"Feature","properties":{},"geometry":{"type":"LineString","coordinates":[[-87.9028,17.4265],[-87.9349,17.3229],[-87.93,17.283],[-87.8529,17.4229],[-87.7981,17.4796],[-87.7886,17.5242],[-87.8264,17.5463],[-87.8325,17.5011],[-87.8594,17.4628],[-87.9028,17.4265]]}},{"type":"Feature","properties":{},"geometry":{"type":"LineString","coordinates":[[-91.8161,18.6759],[-91.7961,18.6542],[-91.6837,18.6773],[-91.6542,18.7115],[-91.5367,18.76],[-91.5503,18.7737],[-91.5891,18.778],[-91.8161,18.6759]]}},{"type":"Feature","properties":{},"geometry":{"type":"LineString","coordinates":[[-82.2444,9.3341],[-82.2335,9.3807],[-82.2594,9.4303],[-82.2758,9.4319],[-82.3217,9.4181],[-82.2444,9.3341]]}},{"type":"Feature","properties":{},"geometry":{"type":"LineString","coordinates":[[-81.2848,19.3625],[-81.2965,19.3414],[-81.3373,19.3295],[-81.3695,19.3489],[-81.391,19.3849],[-81.4191,19.3748],[-81.4048,19.2784],[-81.3037,19.2719],[-81.2773,19.2774],[-81.2246,19.3041],[-81.1071,19.3052],[-81.1305,19.3468],[-81.2848,19.3625]]}},{"type":"Feature","properties":{},"geometry":{"type":"LineString","coordinates":[[-86.9278,20.5515],[-86.978,20.4898],[-87.0194,20.3823],[-86.9914,20.2722],[-86.9396,20.3033],[-86.8088,20.4685],[-86.755,20.5518],[-86.7633,20.5791],[-86.8286,20.5588],[-86.9278,20.5515]]}},{"type":"Feature","properties":{},"geometry":{"type":"LineString","coordinates":[[-68.3692,12.302],[-68.3711,12.2575],[-68.3484,12.2281],[-68.3071,12.2067],[-68.2873,12.1717],[-68.2822,12.0823],[-68.2543,12.0321],[-68.2058,12.1446],[-68.2195,12.2313],[-68.3692,12.302]]}},{"type":"Feature","properties":{},"geometry":{"type":"LineString","coordinates":[[-72.9811,22.3692],[-72.8892,22.3603],[-72.7839,22.2906],[-72.7473,22.3274],[-72.7626,22.3444],[-72.8308,22.3856],[-72.9452,22.4156],[-72.979,22.4146],[-73.041,22.4291],[-73.1274,22.4553],[-73.1619,22.3807],[-73.1102,22.3676],[-72.9811,22.3692]]}},{"type":"Feature","properties":{},"geometry":{"type":"LineString","coordinates":[[-68.8274,12.1585],[-69.0131,12.2313],[-69.0768,12.342],[-69.1185,12.3732],[-69.1589,12.3803],[-69.1538,12.2984],[-68.9951,12.1418],[-68.8033,12.0455],[-68.7511,12.0598],[-68.8274,12.1585]]}},{"type":"Feature","properties":{},"geometry":{"type":"LineString","coordinates":[[-71.7218,21.7902],[-71.6654,21.7517],[-71.6614,21.7652],[-71.6369,21.7875],[-71.6684,21.8334],[-71.8062,21.8521],[-71.8477,21.8435],[-71.8304,21.7906],[-71.7218,21.7902]]}},{"type":"Feature","properties":{},"geometry":{"type":"LineString","coordinates":[[-72.9161,21.5067],[-72.9948,21.5616],[-73.0627,21.5153],[-73.0493,21.4576],[-72.9161,21.5067]]}},{"type":"Feature","properties":{},"geometry":{"type":"LineString","coordinates":[[-71.9555,21.8644],[-71.8975,21.8299],[-71.8799,21.8404],[-71.8996,21.8625],[-71.9315,21.9519],[-72.0106,21.9504],[-72.019,21.9183],[-71.9845,21.8934],[-71.9638,21.892],[-71.9555,21.8644]]}},{"type":"Feature","properties":{},"geometry":{"type":"LineString","coordinates":[[-72.1907,21.7698],[-72.1815,21.78],[-72.1443,21.7927],[-72.1498,21.8045],[-72.2187,21.7963],[-72.3328,21.8514],[-72.3424,21.7953],[-72.3354,21.758],[-72.3009,21.7552],[-72.1907,21.7698]]}},{"type":"Feature","properties":{},"geometry":{"type":"LineString","coordinates":[[-79.1275,8.2519],[-79.1104,8.2098],[-79.0654,8.2542],[-79.0853,8.2958],[-79.0963,8.2954],[-79.1275,8.2519]]}},{"type":"Feature","properties":{},"geometry":{"type":"LineString","coordinates":[[-81.7104,7.4855],[-81.6714,7.5234],[-81.7288,7.6212],[-81.7523,7.6216],[-81.8122,7.5924],[-81.8569,7.5077],[-81.8586,7.4802],[-81.8521,7.4533],[-81.7701,7.3704],[-81.6581,7.3275],[-81.6033,7.3328],[-81.6134,7.3802],[-81.6947,7.425],[-81.7104,7.4855]]}},{"type":"Feature","properties":{},"geometry":{"type":"LineString","coordinates":[[-136.4437,68.8951],[-136.4987,68.8973],[-136.7173,68.8892],[-137.0704,68.9509],[-137.26,68.9641],[-137.8694,69.0928],[-138.1284,69.152],[-138.291,69.219],[-138.6899,69.3168],[-139.1815,69.5155],[-139.9766,69.6217],[-140.4051,69.6025],[-140.86,69.6353],[-141.0021,69.6508],[-141.0808,69.6594],[-141.2896,69.6647],[-141.3386,69.6468],[-141.4079,69.6534],[-141.5264,69.7147],[-141.6992,69.7704],[-142.297,69.8699],[-142.4221,69.9395],[-142.7079,70.0338],[-143.2183,70.1163],[-143.2765,70.0953],[-143.357,70.0896],[-143.5664,70.1015],[-143.7464,70.102],[-144.0641,70.0541],[-144.4169,70.039],[-144.6192,69.9821],[-145.1974,70.0087],[-145.2368,70.0339],[-145.4401,70.0509],[-145.8231,70.1601],[-146.0577,70.1563],[-146.2812,70.1861],[-146.7449,70.1917],[-147.0629,70.1704],[-147.7054,70.2172],[-147.7906,70.2401],[-147.8695,70.3033],[-148.0391,70.3155],[-148.1427,70.3555],[-148.2488,70.3567],[-148.3711,70.315],[-148.4792,70.3179],[-148.6884,70.4163],[-148.8448,70.4252],[-149.2694,70.5008],[-149.4106,70.4914],[-149.544,70.5129],[-149.8701,70.5097],[-150.1525,70.4437],[-150.2736,70.4343],[-150.4032,70.4439],[-150.5435,70.4901],[-150.6626,70.5099],[-150.9791,70.4647],[-151.128,70.4516],[-151.2248,70.4188],[-151.9447,70.4521],[-151.8196,70.5113],[-151.7999,70.538],[-151.769,70.5602],[-152.1729,70.5566],[-152.2534,70.5683],[-152.2697,70.6147],[-152.3992,70.6205],[-152.4706,70.6536],[-152.4373,70.7333],[-152.2329,70.8104],[-152.3004,70.8468],[-152.4912,70.881],[-152.6708,70.8907],[-152.7849,70.876],[-153.2329,70.9326],[-153.4977,70.8911],[-153.7014,70.8936],[-153.9182,70.8773],[-154.1952,70.8011],[-154.3922,70.8383],[-154.5986,70.848],[-154.7852,70.8943],[-154.7263,70.9278],[-154.6737,70.9871],[-154.8175,71.0485],[-154.9438,71.0831],[-155.1668,71.0992],[-155.2297,71.0822],[-155.3134,71.015],[-155.5794,70.8943],[-155.7081,70.8573],[-155.8722,70.8347],[-155.9735,70.842],[-156.0419,70.9022],[-156.1466,70.9278],[-155.8043,70.9954],[-155.6346,71.0616],[-155.5794,71.1211],[-155.6456,71.1828],[-155.8111,71.1884],[-156.47,71.2916],[-156.5672,71.3416],[-156.4967,71.3791],[-156.3953,71.3967],[-156.4702,71.4077],[-156.7833,71.3189],[-156.9733,71.23],[-157.1953,71.0933],[-157.3248,71.0396],[-157.6056,70.9413],[-157.9094,70.8601],[-157.9985,70.8453],[-158.4844,70.8411],[-158.5108,70.8201],[-158.6209,70.799],[-158.9963,70.8016],[-159.075,70.7721],[-159.2512,70.7484],[-159.3041,70.7525],[-159.3398,70.7813],[-159.2622,70.8139],[-159.1832,70.8319],[-159.1917,70.8597],[-159.2317,70.8768],[-159.3145,70.8785],[-159.6809,70.7868],[-160.0816,70.6349],[-159.9618,70.6341],[-159.7462,70.5305],[-159.3868,70.5245],[-159.6833,70.4771],[-159.815,70.4971],[-159.8426,70.453],[-159.8575,70.3893],[-159.8552,70.3242],[-159.8657,70.2789],[-159.9076,70.3314],[-160.0951,70.3333],[-160.0056,70.4476],[-160.1064,70.4726],[-159.9631,70.5682],[-160.0456,70.5856],[-160.1171,70.5912],[-160.6341,70.4464],[-160.6477,70.4206],[-160.9963,70.3046],[-161.639,70.2345],[-161.7682,70.1965],[-161.9974,70.1652],[-162.0739,70.162],[-162.0424,70.1767],[-161.912,70.2055],[-161.8184,70.2484],[-161.7611,70.2577],[-161.7799,70.2773],[-161.8126,70.2898],[-161.881,70.3317],[-161.978,70.2876],[-162.0711,70.2272],[-162.3504,70.0941],[-162.9521,69.7581],[-163.0936,69.6107],[-163.131,69.4543],[-163.1615,69.3879],[-163.1871,69.3805],[-163.2052,69.3925],[-163.2505,69.3454],[-163.5357,69.1701],[-163.8679,69.0367],[-164.1502,68.9612],[-164.3023,68.9365],[-164.8897,68.9024],[-165.0439,68.8825],[-165.5095,68.8676],[-166.2091,68.8854],[-166.182,68.7972],[-166.283,68.5732],[-166.3805,68.4251],[-166.447,68.3902],[-166.5704,68.3611],[-166.6479,68.3738],[-166.5459,68.4244],[-166.6439,68.408],[-166.7863,68.3596],[-166.5745,68.3203],[-166.4091,68.308],[-166.2359,68.2779],[-165.9596,68.1559],[-165.386,68.0456],[-164.1252,67.6067],[-163.9427,67.4776],[-163.7998,67.271],[-163.7206,67.1956],[-163.5318,67.1026],[-163.0017,67.0273],[-162.7614,67.0364],[-162.5831,67.0185],[-162.4094,67.104],[-162.4116,67.0603],[-162.3916,67.0199],[-161.9654,67.0496],[-161.7199,67.0206],[-161.6222,66.9793],[-161.7313,66.9228],[-161.8788,66.804],[-161.8567,66.7003],[-161.6809,66.6455],[-161.5717,66.5916],[-161.398,66.5519],[-161.0515,66.6528],[-160.864,66.6709],[-160.6438,66.605],[-160.3609,66.6125],[-160.2625,66.5725],[-160.2273,66.5085],[-160.2317,66.4203],[-160.6505,66.3731],[-160.7845,66.3844],[-161.0481,66.4742],[-161.1558,66.4953],[-161.3359,66.4963],[-161.591,66.4595],[-161.9096,66.5596],[-162.0507,66.6673],[-162.0176,66.7841],[-162.1314,66.8014],[-162.2536,66.9187],[-162.3616,66.9473],[-162.4783,66.9308],[-162.6074,66.8944],[-162.5437,66.8051],[-162.4674,66.7356],[-162.3177,66.7337],[-162.1912,66.6931],[-161.8876,66.4931],[-161.9169,66.4118],[-161.8282,66.3709],[-161.5444,66.407],[-161.1203,66.3343],[-161.0695,66.2946],[-161.0343,66.1888],[-161.1092,66.2395],[-161.2011,66.2194],[-161.3451,66.2472],[-161.4554,66.2814],[-161.5568,66.2505],[-161.8163,66.0537],[-161.9337,66.0429],[-162.2143,66.071],[-162.5869,66.0508],[-162.7218,66.0598],[-162.8865,66.0992],[-163.1714,66.0754],[-163.6954,66.0838],[-164.0337,66.2155],[-163.965,66.2573],[-163.8939,66.2869],[-163.9029,66.3784],[-163.7937,66.4926],[-163.7755,66.5311],[-163.8382,66.5616],[-163.8939,66.5759],[-163.8157,66.5835],[-163.6382,66.5747],[-163.7277,66.6165],[-164.0583,66.6107],[-164.4605,66.5884],[-164.6741,66.555],[-165.064,66.4378],[-165.1983,66.4399],[-165.4494,66.4099],[-165.7762,66.319],[-165.8119,66.2885],[-165.8402,66.2451],[-165.5602,66.1671],[-165.59,66.1451],[-165.6299,66.1312],[-165.7237,66.1125],[-166.0089,66.1213],[-166.0574,66.1272],[-166.2146,66.1703],[-166.3987,66.1444],[-166.5401,66.1006],[-166.7477,66.0519],[-166.8944,65.9592],[-166.9972,65.9049],[-167.0742,65.8771],[-167.4053,65.8593],[-167.58,65.7583],[-167.9144,65.6812],[-167.927,65.7144],[-167.9306,65.7481],[-168.0097,65.7191],[-168.0884,65.6578],[-168.035,65.5956],[-167.9873,65.5678],[-167.404,65.4221],[-166.6654,65.3383],[-166.6094,65.3527],[-166.1974,65.3056],[-166.157,65.2858],[-166.1215,65.2607],[-166.2797,65.2738],[-166.4517,65.2473],[-166.531,65.1547],[-166.7625,65.1349],[-166.8568,65.1473],[-166.9064,65.1638],[-166.9284,65.1571],[-166.827,65.0961],[-166.5509,64.953],[-166.4152,64.9265],[-166.4087,64.827],[-166.4781,64.7976],[-166.4814,64.7281],[-166.3251,64.6257],[-166.1428,64.5828],[-165.4462,64.5128],[-165.1381,64.4652],[-164.9788,64.4537],[-164.8995,64.4606],[-164.8573,64.4803],[-164.8295,64.5114],[-164.7649,64.5296],[-164.7275,64.5233],[-164.6918,64.5074],[-164.304,64.5839],[-163.7131,64.5882],[-163.4862,64.5498],[-163.267,64.4752],[-163.1443,64.4238],[-163.1045,64.4786],[-163.0518,64.5197],[-163.1741,64.533],[-163.2483,64.5633],[-163.3028,64.6059],[-163.2039,64.652],[-162.8764,64.5164],[-162.807,64.3742],[-162.7111,64.3775],[-162.6357,64.4508],[-162.3346,64.6128],[-162.1723,64.6781],[-161.8683,64.7427],[-161.7594,64.8163],[-161.634,64.7925],[-161.4664,64.7949],[-161.1869,64.924],[-161.1302,64.9254],[-161.0632,64.904],[-160.9675,64.8396],[-160.887,64.7956],[-160.8559,64.7556],[-160.836,64.6819],[-160.8937,64.6129],[-160.9319,64.5791],[-161.0488,64.5345],[-161.1931,64.5164],[-161.4146,64.5264],[-161.4907,64.4338],[-161.3857,64.4399],[-161.2201,64.3966],[-160.9875,64.2513],[-160.904,64.0312],[-160.8405,63.9349],[-160.7786,63.8189],[-160.8265,63.7293],[-160.9267,63.6605],[-161.0997,63.5579],[-161.266,63.497],[-161.5054,63.4682],[-161.974,63.4529],[-162.0562,63.4713],[-162.1125,63.5342],[-162.1933,63.541],[-162.2828,63.5292],[-162.3598,63.4526],[-162.6215,63.2658],[-162.8078,63.2066],[-162.9477,63.115],[-163.0623,63.0797],[-163.2878,63.0464],[-163.3588,63.0458],[-163.4232,63.0845],[-163.5043,63.1059],[-163.6494,63.0568],[-163.7378,63.0164],[-163.749,63.0303],[-163.7257,63.0478],[-163.6636,63.0703],[-163.6337,63.0904],[-163.6163,63.1251],[-163.7362,63.1928],[-163.9429,63.2472],[-164.1076,63.2617],[-164.409,63.215],[-164.4633,63.1852],[-164.5252,63.1276],[-164.3751,63.054],[-164.3842,63.0305],[-164.4281,63.0404],[-164.6774,63.0205],[-164.7641,62.9706],[-164.7997,62.9181],[-164.8454,62.801],[-164.8187,62.6771],[-164.7927,62.6232],[-164.689,62.6768],[-164.5895,62.7094],[-164.5963,62.6867],[-164.688,62.6083],[-164.8444,62.5811],[-164.7961,62.5116],[-164.7579,62.4967],[-164.7792,62.4812],[-164.8918,62.5176],[-164.9997,62.5338],[-165.1156,62.5127],[-165.1945,62.4735],[-165.4477,62.3039],[-165.7073,62.1004],[-165.7439,62.0117],[-165.7252,61.9594],[-165.7058,61.9274],[-165.6128,61.8693],[-165.8338,61.8368],[-165.9914,61.8342],[-166.0788,61.8031],[-166.0199,61.7483],[-165.8089,61.6961],[-165.8346,61.6794],[-166.1005,61.6451],[-166.1312,61.6573],[-166.1681,61.6508],[-166.1635,61.589],[-166.1527,61.5459],[-166.094,61.5067],[-165.9613,61.5509],[-165.8453,61.5362],[-165.7971,61.4912],[-165.9063,61.4038],[-165.864,61.3357],[-165.6914,61.2999],[-165.6276,61.1652],[-165.5659,61.1023],[-165.4805,61.0949],[-165.3808,61.1063],[-165.3793,61.1688],[-165.392,61.2123],[-165.3337,61.2661],[-165.2736,61.2749],[-165.2439,61.2688],[-165.3108,61.2276],[-165.3449,61.1977],[-165.2798,61.1696],[-165.2038,61.1528],[-165.15,61.1869],[-165.1278,61.1924],[-165.1377,61.1301],[-165.0771,61.0942],[-164.9412,61.1149],[-164.869,61.1118],[-164.8756,61.0868],[-164.9999,61.0437],[-165.1755,60.9657],[-165.1148,60.9328],[-165.0656,60.9207],[-164.754,60.9313],[-164.4416,60.87],[-163.9946,60.8647],[-163.749,60.9697],[-163.6589,60.9382],[-163.5869,60.903],[-163.6554,60.8775],[-163.8373,60.8804],[-163.9065,60.8538],[-163.623,60.8222],[-163.5119,60.7981],[-163.4209,60.7574],[-163.5287,60.6646],[-163.73,60.59],[-163.8214,60.6683],[-163.8949,60.7452],[-163.9361,60.7583],[-163.9996,60.7661],[-164.1318,60.6915],[-164.3097,60.6067],[-164.3724,60.5918],[-164.3214,60.6466],[-164.2657,60.7247],[-164.3185,60.7713],[-164.3701,60.7959],[-164.5129,60.819],[-164.6824,60.8715],[-164.8052,60.892],[-164.8998,60.8731],[-165.016,60.74],[-165.3538,60.5412],[-165.2245,60.5236],[-165.1133,60.5261],[-165.0265,60.5006],[-165.0487,60.4643],[-165.0611,60.4125],[-164.9197,60.3484],[-164.8,60.3072],[-164.6623,60.3038],[-164.4705,60.1493],[-164.1315,59.9942],[-164.1411,59.9489],[-164.1428,59.8968],[-163.9069,59.8068],[-163.6804,59.8015],[-163.2194,59.8456],[-162.8778,59.9228],[-162.7326,59.9937],[-162.5708,59.9897],[-162.5356,60.0384],[-162.5005,60.1266],[-162.527,60.1991],[-162.5477,60.2311],[-162.685,60.2689],[-162.5997,60.297],[-162.4687,60.3947],[-162.265,60.5952],[-162.1999,60.6343],[-162.138,60.6855],[-162.0683,60.6949],[-161.962,60.6954],[-161.9466,60.6848],[-162.1389,60.6144],[-162.2878,60.4569],[-162.4213,60.284],[-162.2425,60.1783],[-162.1381,59.98],[-161.9086,59.7141],[-161.8287,59.5886],[-161.8317,59.5145],[-161.8722,59.4283],[-161.9201,59.3655],[-162.0233,59.284],[-161.9811,59.1461],[-161.8908,59.0761],[-161.7945,59.1095],[-161.6444,59.1097],[-161.7887,59.0164],[-161.7903,58.95],[-161.7805,58.8974],[-161.7244,58.7943],[-161.8565,58.7171],[-162.0087,58.685],[-162.1449,58.6442],[-161.7555,58.612],[-161.3613,58.6695],[-161.3281,58.7437],[-161.2879,58.7609],[-161.2468,58.7995],[-161.2159,58.801],[-160.9243,58.8724],[-160.8171,58.8717],[-160.6566,58.9551],[-160.5199,59.0073],[-160.3631,59.0512],[-160.2608,58.9715],[-160.1526,58.9059],[-159.9202,58.8199],[-159.8322,58.836],[-159.7415,58.8943],[-159.6703,58.9111],[-159.4542,58.7929],[-159.3582,58.7213],[-159.0827,58.4698],[-158.9507,58.4045],[-158.7886,58.441],[-158.7721,58.5203],[-158.8614,58.7188],[-158.8377,58.7939],[-158.7755,58.9025],[-158.8095,58.9739],[-158.7606,58.9501],[-158.6783,58.9294],[-158.5845,58.9878],[-158.5144,59.0729],[-158.4228,59.0898],[-158.2206,59.0375],[-158.0805,58.9774],[-158.1892,58.9799],[-158.3145,59.0093],[-158.4256,58.9993],[-158.4763,58.9384],[-158.5032,58.8503],[-158.4393,58.7826],[-158.3896,58.7457],[-158.3026,58.6418],[-158.1909,58.6143],[-158.0219,58.6402],[-157.6657,58.7485],[-157.142,58.8776],[-156.9634,58.9889],[-156.8089,59.1343],[-156.9232,58.9637],[-157.0405,58.7726],[-157.009,58.7442],[-156.9747,58.7363],[-157.2289,58.6409],[-157.4609,58.503],[-157.5236,58.4213],[-157.5244,58.3507],[-157.4884,58.2537],[-157.3936,58.2348],[-157.3394,58.2345],[-157.1937,58.1942],[-157.4427,58.1722],[-157.555,58.1399],[-157.6109,58.0508],[-157.6212,57.8952],[-157.684,57.7439],[-157.6972,57.6794],[-157.6807,57.6381],[-157.6076,57.6015],[-157.5716,57.5407],[-157.5335,57.5259],[-157.4739,57.5182],[-157.4619,57.5062],[-157.5353,57.4834],[-157.6456,57.4978],[-157.674,57.5137],[-157.6974,57.5393],[-157.7372,57.5481],[-157.8458,57.5281],[-157.8943,57.5114],[-158.0457,57.4095],[-158.1335,57.3664],[-158.2245,57.3427],[-158.3209,57.2979],[-158.4737,57.1991],[-158.5856,57.1141],[-158.6608,57.0394],[-158.6772,56.9974],[-158.6848,56.9442],[-158.6811,56.8877],[-158.6659,56.8279],[-158.6751,56.7949],[-158.7088,56.7886],[-158.7821,56.7958],[-158.8949,56.8164],[-158.918,56.8474],[-158.918,56.8822],[-158.9904,56.8601],[-159.159,56.7701],[-159.2831,56.6886],[-159.7851,56.5616],[-160.0462,56.437],[-160.1493,56.3963],[-160.3021,56.3141],[-160.3775,56.2415],[-160.4608,56.1375],[-160.5147,56.0591],[-160.5391,56.0063],[-160.5274,55.965],[-160.4799,55.9354],[-160.3085,55.8645],[-160.2701,55.8322],[-160.2917,55.8051],[-160.3473,55.7999],[-160.4369,55.8167],[-160.4979,55.8379],[-160.5302,55.8635],[-160.5997,55.8743],[-160.7063,55.8705],[-160.7584,55.8546],[-160.7455,55.7715],[-160.7626,55.7566],[-160.8028,55.7544],[-160.8513,55.7719],[-161.0054,55.8872],[-161.0084,55.9117],[-160.9024,55.9413],[-160.8778,55.9705],[-160.8986,55.9937],[-160.9687,55.9696],[-161.1452,55.9513],[-161.1925,55.9543],[-161.2226,55.9774],[-161.1786,56.0145],[-161.2156,56.0214],[-161.6973,55.9072],[-161.9366,55.8242],[-162.1571,55.7194],[-162.3494,55.5947],[-162.5134,55.45],[-162.659,55.3508],[-162.7862,55.2971],[-162.8571,55.253],[-162.8716,55.2186],[-162.9066,55.1956],[-162.962,55.1838],[-163.0083,55.1869],[-163.0454,55.2047],[-163.1145,55.1939],[-163.2788,55.1218],[-163.3037,55.0959],[-163.306,55.0585],[-163.2857,55.01],[-163.2963,54.9493],[-163.3379,54.8764],[-163.3353,54.8392],[-163.2886,54.8376],[-163.2206,54.8634],[-163.1311,54.9166],[-163.1002,54.9736],[-163.1278,55.0348],[-163.1196,55.0647],[-162.9959,55.0465],[-162.865,54.9545],[-162.8196,54.95],[-162.6744,54.9966],[-162.6189,55.0384],[-162.6143,55.0715],[-162.6441,55.218],[-162.6304,55.2467],[-162.5419,55.2427],[-162.4953,55.2084],[-162.4268,55.1454],[-162.4125,55.1069],[-162.4524,55.0928],[-162.4575,55.0777],[-162.4279,55.0615],[-162.3864,55.0523],[-162.3329,55.0502],[-162.2747,55.0732],[-162.2115,55.1213],[-162.1666,55.1438],[-162.074,55.1393],[-161.9803,55.1986],[-161.7416,55.3912],[-161.7204,55.4207],[-161.6835,55.5299],[-161.6543,55.5634],[-161.5988,55.5928],[-161.5169,55.6184],[-161.4588,55.6292],[-161.3575,55.6122],[-161.2551,55.579],[-161.2147,55.5598],[-161.2021,55.5436],[-161.3133,55.5586],[-161.3727,55.5563],[-161.4133,55.5361],[-161.4438,55.5133],[-161.4767,55.4649],[-161.4805,55.3978],[-161.4639,55.3825],[-161.3819,55.3713],[-161.178,55.3889],[-161.0995,55.4057],[-161.0242,55.4404],[-160.9522,55.4931],[-160.8967,55.5136],[-160.7708,55.4835],[-160.7265,55.4997],[-160.6829,55.5404],[-160.6252,55.5524],[-160.5535,55.5355],[-160.4993,55.5373],[-160.4627,55.5578],[-160.4074,55.6138],[-160.3732,55.6351],[-160.2438,55.6605],[-160.0457,55.7629],[-159.9623,55.7949],[-159.9135,55.7922],[-159.8744,55.8003],[-159.8104,55.8327],[-159.7714,55.8411],[-159.743,55.8438],[-159.6785,55.8247],[-159.6653,55.7949],[-159.6703,55.645],[-159.6597,55.6259],[-159.6101,55.6528],[-159.5676,55.6952],[-159.5413,55.7485],[-159.5232,55.81],[-159.4294,55.8427],[-158.7898,55.9869],[-158.7049,56.0431],[-158.6268,56.1547],[-158.5912,56.1845],[-158.5544,56.1829],[-158.5427,56.1668],[-158.5233,56.0725],[-158.5047,56.0621],[-158.4761,56.0755],[-158.4318,56.1115],[-158.2756,56.1962],[-158.2914,56.2037],[-158.317,56.2542],[-158.344,56.2803],[-158.3861,56.3016],[-158.4673,56.3183],[-158.5364,56.3077],[-158.5521,56.3127],[-158.5374,56.3354],[-158.4144,56.4358],[-158.3525,56.4535],[-158.1894,56.4782],[-158.1244,56.501],[-158.0709,56.5104],[-157.9822,56.5096],[-157.93,56.5205],[-157.9287,56.5317],[-157.9783,56.5432],[-158.0783,56.5521],[-158.0279,56.5921],[-157.8691,56.6452],[-157.7707,56.6517],[-157.6739,56.6334],[-157.6098,56.6277],[-157.5784,56.6345],[-157.5287,56.6732],[-157.4896,56.7598],[-157.4406,56.7903],[-157.3902,56.8098],[-157.3336,56.8159],[-157.2706,56.8085],[-157.2058,56.8121],[-157.1392,56.8266],[-157.0667,56.8602],[-156.9884,56.9129],[-156.9234,56.9421],[-156.8717,56.9477],[-156.8239,56.9688],[-156.7799,57.0056],[-156.7126,57.0161],[-156.629,57.01],[-156.592,57.0651],[-156.5013,57.0898],[-156.4751,57.1052],[-156.4005,57.2048],[-156.3977,57.2406],[-156.4436,57.2937],[-156.4737,57.3107],[-156.4784,57.3279],[-156.4359,57.36],[-156.2422,57.4492],[-156.156,57.4634],[-156.0899,57.4451],[-156.0554,57.4476],[-156.0374,57.5265],[-156.0002,57.545],[-155.8137,57.559],[-155.778,57.5682],[-155.729,57.6266],[-155.6287,57.673],[-155.5959,57.7011],[-155.5902,57.7336],[-155.5296,57.7589],[-155.414,57.7771],[-155.3127,57.8071],[-155.1474,57.8818],[-155.0993,57.9133],[-155.0069,58.0161],[-154.5849,58.0557],[-154.5819,58.1098],[-154.5706,58.1181],[-154.4092,58.1473],[-154.2823,58.1468],[-154.247,58.1594],[-154.2351,58.2346],[-154.2081,58.2888],[-154.2818,58.2935],[-154.289,58.3043],[-154.0859,58.3658],[-154.0557,58.3972],[-154.0625,58.4417],[-154.0199,58.493],[-153.862,58.5878],[-153.8215,58.6041],[-153.6986,58.6264],[-153.6173,58.6547],[-153.4376,58.7548],[-153.3629,58.8222],[-153.3344,58.8579],[-153.3271,58.8843],[-153.339,58.9085],[-153.4183,58.96],[-153.6564,59.0387],[-153.7879,59.0679],[-153.8996,59.078],[-154.1298,59.1199],[-154.1783,59.1556],[-154.1388,59.2401],[-154.0675,59.3364],[-154.0883,59.3633],[-153.8142,59.4737],[-153.7526,59.5099],[-153.7144,59.5453],[-153.6223,59.5985],[-153.6094,59.615],[-153.6707,59.6348],[-153.6525,59.647],[-153.4826,59.7209],[-153.4144,59.7401],[-153.3665,59.7298],[-153.3596,59.7175],[-153.3835,59.6672],[-153.364,59.6599],[-153.2362,59.6709],[-153.0936,59.7091],[-153.0481,59.73],[-153.0246,59.794],[-153.0401,59.8105],[-153.2112,59.8427],[-153.1864,59.8569],[-153.1061,59.875],[-152.8569,59.8981],[-152.7595,59.9209],[-152.6601,59.9972],[-152.6286,60.0411],[-152.6301,60.0838],[-152.6647,60.1253],[-152.7524,60.1775],[-152.8929,60.2404],[-153.0312,60.2893],[-153.025,60.2957],[-152.9234,60.2929],[-152.7979,60.2472],[-152.7273,60.2371],[-152.654,60.2384],[-152.5409,60.2654],[-152.3688,60.3363],[-152.2915,60.3811],[-152.2603,60.4094],[-152.3051,60.453],[-152.3066,60.4722],[-152.2707,60.5281],[-151.9962,60.6822],[-151.8662,60.7341],[-151.7851,60.7402],[-151.7505,60.7549],[-151.7844,60.8332],[-151.7816,60.858],[-151.734,60.9107],[-151.5935,60.9796],[-151.4601,61.0141],[-151.2819,61.0419],[-151.1501,61.0858],[-151.065,61.1457],[-150.9455,61.1982],[-150.6123,61.3011],[-150.5672,61.3068],[-150.5332,61.3002],[-150.4718,61.26],[-150.1089,61.2679],[-149.9757,61.2793],[-149.9452,61.2942],[-149.8737,61.373],[-149.8237,61.4134],[-149.6953,61.4707],[-149.6254,61.486],[-149.4335,61.5008],[-149.3291,61.4974],[-149.596,61.4173],[-149.7369,61.3633],[-149.8292,61.3075],[-149.882,61.2637],[-149.8953,61.2317],[-149.9268,61.2133],[-150.0186,61.1942],[-150.0533,61.1711],[-149.9677,61.1217],[-149.5925,60.9938],[-149.4591,60.9647],[-149.1422,60.9357],[-149.0713,60.8855],[-149.0751,60.8764],[-149.1729,60.8804],[-149.6325,60.952],[-149.8562,60.9623],[-149.9976,60.9352],[-150.113,60.9328],[-150.2028,60.9552],[-150.2815,60.9852],[-150.3491,61.0227],[-150.4413,61.0236],[-150.7795,60.9148],[-150.9538,60.8412],[-151.3218,60.7429],[-151.3564,60.7229],[-151.355,60.6599],[-151.3175,60.5536],[-151.3127,60.4665],[-151.396,60.2745],[-151.4515,60.2026],[-151.6119,60.092],[-151.7345,59.9883],[-151.7834,59.9211],[-151.8532,59.7821],[-151.8169,59.7209],[-151.7638,59.7],[-151.5126,59.6513],[-151.4501,59.6504],[-151.4037,59.6623],[-151.0895,59.7894],[-151.0573,59.7822],[-151.0465,59.7718],[-151.1894,59.6377],[-151.2621,59.5856],[-151.3996,59.5163],[-151.5127,59.4827],[-151.6926,59.4622],[-151.85,59.4063],[-151.8846,59.3863],[-151.9317,59.3427],[-151.9641,59.2851],[-151.9495,59.2651],[-151.9039,59.2598],[-151.7382,59.1885],[-151.6194,59.1873],[-151.477,59.2306],[-151.3664,59.2456],[-151.2875,59.2323],[-151.2223,59.2294],[-151.1707,59.2369],[-151.163,59.2569],[-151.1992,59.2896],[-151.1828,59.3008],[-151.0636,59.2784],[-150.9607,59.244],[-150.9345,59.2491],[-150.8993,59.3027],[-150.8528,59.3418],[-150.6774,59.427],[-150.6229,59.4796],[-150.6211,59.5351],[-150.6074,59.5634],[-150.5815,59.5646],[-150.526,59.5373],[-150.4854,59.5353],[-150.3381,59.5813],[-150.2965,59.5833],[-150.2585,59.5709],[-150.198,59.5666],[-149.9665,59.69],[-149.9602,59.713],[-150.016,59.777],[-150.0053,59.7844],[-149.965,59.7823],[-149.8013,59.7379],[-149.7825,59.7503],[-149.8037,59.8327],[-149.7948,59.8558],[-149.7139,59.9196],[-149.6847,59.8953],[-149.6296,59.7847],[-149.6129,59.7668],[-149.598,59.7705],[-149.5492,59.8943],[-149.4597,59.9663],[-149.4322,60.001],[-149.4148,60.1002],[-149.3953,60.1058],[-149.3049,60.0137],[-149.2666,59.9983],[-149.1216,60.0335],[-149.0701,60.0002],[-149.0042,59.98],[-148.8427,59.9512],[-148.7509,59.9478],[-148.6436,59.9568],[-148.5741,59.9701],[-148.5424,59.9874],[-148.5061,59.989],[-148.4651,59.9747],[-148.4307,59.9891],[-148.3331,60.122],[-148.2914,60.1455],[-148.245,60.1468],[-148.2138,60.1542],[-148.1976,60.1678],[-148.2187,60.2677],[-148.2159,60.3231],[-148.2036,60.3649],[-148.1817,60.3931],[-148.1292,60.4142],[-148.046,60.4283],[-147.991,60.4519],[-147.9641,60.4849],[-147.984,60.5233],[-148.0507,60.5672],[-148.1192,60.5751],[-148.1895,60.5471],[-148.2964,60.5321],[-148.4398,60.53],[-148.5491,60.5148],[-148.6243,60.4864],[-148.6401,60.4895],[-148.5966,60.5238],[-148.5096,60.5652],[-148.4678,60.5721],[-148.3384,60.5698],[-148.305,60.5834],[-148.2842,60.6093],[-148.2567,60.6753],[-148.2679,60.6997],[-148.3413,60.7243],[-148.3987,60.734],[-148.5574,60.8029],[-148.5562,60.827],[-148.471,60.8355],[-148.3933,60.8319],[-148.3444,60.8536],[-148.2932,60.9397],[-148.2087,61.0299],[-148.2259,61.044],[-148.2874,61.0362],[-148.3958,61.0071],[-148.4107,61.0115],[-148.3888,61.037],[-148.3419,61.0604],[-148.27,61.0818],[-148.2087,61.0883],[-148.1579,61.0797],[-148.0494,61.0827],[-147.9864,61.1065],[-147.8448,61.1864],[-147.7738,61.2178],[-147.7519,61.2189],[-147.9712,61.019],[-148.0051,60.9686],[-147.9908,60.9483],[-147.8911,60.8899],[-147.8076,60.8854],[-147.6557,60.9095],[-147.6233,60.933],[-147.5926,60.9794],[-147.5673,60.9949],[-147.5233,60.9703],[-147.4334,60.9503],[-147.3906,60.918],[-147.3614,60.9145],[-147.3211,60.9255],[-147.2856,60.9468],[-147.2549,60.9783],[-147.195,60.9968],[-147.106,61.0025],[-147.0343,60.9962],[-146.9802,60.9778],[-146.874,61.0049],[-146.7159,61.0775],[-146.5827,61.1278],[-146.3844,61.1358],[-146.2849,61.1126],[-146.5991,61.0535],[-146.636,60.9925],[-146.6384,60.8973],[-146.6036,60.8709],[-146.5319,60.8389],[-146.392,60.8108],[-146.4955,60.7568],[-146.5464,60.7451],[-146.5705,60.7292],[-146.503,60.7008],[-146.3472,60.7381],[-146.251,60.7491],[-146.1823,60.7348],[-146.1671,60.7155],[-146.1664,60.6923],[-146.149,60.6607],[-145.6749,60.6511],[-145.6902,60.622],[-145.7598,60.562],[-145.8106,60.5247],[-145.8989,60.4782],[-145.8478,60.4692],[-145.7185,60.4676],[-145.5631,60.4407],[-145.3818,60.3886],[-145.2483,60.3801],[-145.1627,60.4154],[-145.096,60.4537],[-144.984,60.5369],[-144.8631,60.6009],[-144.7244,60.6628],[-144.6911,60.6691],[-144.7866,60.5846],[-144.8244,60.5336],[-144.8625,60.4592],[-144.9013,60.3352],[-144.8524,60.2951],[-144.7414,60.2727],[-144.6716,60.2492],[-144.643,60.2247],[-144.53,60.2052],[-144.3326,60.191],[-144.1855,60.1507],[-144.0885,60.0843],[-144.0843,60.063],[-144.1609,60.0458],[-144.1472,60.0164],[-143.9795,60.0088],[-143.8051,60.0129],[-143.5061,60.055],[-142.9457,60.097],[-142.5486,60.086],[-142.1041,60.0334],[-141.6702,59.9699],[-141.5302,59.9948],[-141.4471,60.0194],[-141.4097,60.0423],[-141.4222,60.0855],[-141.4217,60.1088],[-141.4087,60.1177],[-141.3622,60.1053],[-141.3295,60.0828],[-141.2899,60.0042],[-141.2946,59.98],[-141.4083,59.9028],[-141.3319,59.8738],[-140.8432,59.7489],[-140.6484,59.7232],[-140.4198,59.7107],[-140.2167,59.7267],[-139.9169,59.8057],[-139.8502,59.8307],[-139.6117,59.9734],[-139.5189,60.0171],[-139.4314,60.0123],[-139.4025,60.001],[-139.2425,59.8928],[-138.9881,59.835],[-139.0483,59.8282],[-139.1789,59.8398],[-139.2208,59.8199],[-139.2457,59.7821],[-139.2587,59.7433],[-139.2656,59.6626],[-139.2763,59.6204],[-139.2867,59.6109],[-139.32,59.7387],[-139.3146,59.8479],[-139.331,59.877],[-139.4469,59.9568],[-139.483,59.9638],[-139.5123,59.9536],[-139.5541,59.9333],[-139.5691,59.9124],[-139.5812,59.8805],[-139.5822,59.8483],[-139.5585,59.7902],[-139.5056,59.7263],[-139.513,59.6981],[-139.6116,59.6103],[-139.6741,59.5868],[-139.7661,59.5661],[-139.7991,59.5462],[-139.7733,59.5273],[-139.7145,59.504],[-139.5768,59.4625],[-139.341,59.3756],[-138.8843,59.2369],[-138.7042,59.1875],[-138.5149,59.1659],[-138.5207,59.1522],[-138.5603,59.1292],[-138.5372,59.1151],[-138.4513,59.1101],[-138.3525,59.0873],[-138.2407,59.0468],[-138.0269,58.9415],[-137.9609,58.891],[-137.934,58.8469],[-137.8637,58.7855],[-137.75,58.7071],[-137.6611,58.6599],[-137.5971,58.6442],[-137.5646,58.6259],[-137.5569,58.5899],[-137.544,58.5812],[-137.0719,58.3952],[-136.865,58.3324],[-136.6989,58.2665],[-136.6074,58.244],[-136.5826,58.2452],[-136.4624,58.328],[-136.1296,58.3504],[-136.0812,58.3642],[-136.056,58.3842],[-136.0615,58.4527],[-136.1029,58.5063],[-136.2246,58.6022],[-136.3199,58.6245],[-136.4837,58.6177],[-136.4042,58.6798],[-136.4101,58.7006],[-136.5335,58.7402],[-136.5493,58.7524],[-136.5682,58.7863],[-136.6139,58.8093],[-136.7401,58.8502],[-136.8791,58.8815],[-136.963,58.8835],[-137.0384,58.8667],[-137.059,58.8737],[-136.9879,58.9251],[-136.948,58.9349],[-136.9528,58.9669],[-137.0021,59.0211],[-136.989,59.0345],[-136.831,58.9838],[-136.5662,58.9409],[-136.5112,58.9071],[-136.4776,58.8625],[-136.4512,58.8463],[-136.3803,58.8273],[-136.299,58.7869],[-136.2258,58.7655],[-136.1863,58.7702],[-136.1468,58.7888],[-136.1242,58.8196],[-136.1184,58.8626],[-136.1235,58.8935],[-136.1595,58.9468],[-136.15,59.0481],[-136.1337,59.0396],[-136.1006,58.9999],[-136.0494,58.8932],[-136.0166,58.874],[-135.9317,58.9038],[-135.8264,58.8979],[-136.0431,58.8216],[-136.0455,58.7891],[-135.8896,58.6227],[-135.8617,58.5771],[-135.8963,58.4638],[-135.8976,58.4002],[-135.8734,58.3942],[-135.5718,58.4121],[-135.45,58.3761],[-135.3631,58.2983],[-135.3025,58.2559],[-135.1416,58.2334],[-135.0902,58.2459],[-135.0605,58.2789],[-135.0497,58.3068],[-135.062,58.3409],[-135.1519,58.5122],[-135.1846,58.5897],[-135.2071,58.6709],[-135.257,58.7777],[-135.3341,58.9096],[-135.3861,59.0875],[-135.5023,59.2023],[-135.4337,59.2107],[-135.4001,59.2079],[-135.4169,59.2415],[-135.4841,59.3087],[-135.4127,59.3185],[-135.4025,59.3531],[-135.3637,59.4194],[-135.3489,59.4101],[-135.3584,59.3249],[-135.3303,59.2391],[-135.2174,59.0766],[-135.1318,58.8429],[-135.0765,58.7968],[-134.9861,58.7656],[-134.9648,58.7422],[-134.9425,58.6463],[-134.7761,58.4539],[-134.6636,58.3847],[-134.4854,58.3672],[-134.3314,58.2996],[-134.2576,58.2442],[-134.2088,58.233],[-134.1312,58.2793],[-134.0361,58.4153],[-133.9438,58.4983],[-133.9111,58.5152],[-133.8768,58.5182],[-133.8885,58.4987],[-133.9336,58.4679],[-134.0453,58.2893],[-134.0633,58.2111],[-134.0567,58.1284],[-134.0311,58.0722],[-133.8945,57.9933],[-133.8214,57.9364],[-133.7441,57.8546],[-133.7223,57.8442],[-133.6573,57.841],[-133.6257,57.857],[-133.5594,57.9245],[-133.4974,57.9247],[-133.1943,57.8777],[-133.2121,57.8657],[-133.5111,57.8801],[-133.5364,57.8639],[-133.5352,57.833],[-133.5155,57.7751],[-133.4357,57.7271],[-133.117,57.5662],[-133.1428,57.5551],[-133.3423,57.6311],[-133.5542,57.6951],[-133.6034,57.6947],[-133.627,57.6765],[-133.6487,57.6423],[-133.539,57.5542],[-133.4367,57.3369],[-133.4659,57.1722],[-132.9134,57.0475],[-132.8246,57.0558],[-132.8143,57.0407],[-132.8388,56.9602],[-132.8299,56.9306],[-132.8022,56.8952],[-132.702,56.8223],[-132.6395,56.7964],[-132.4871,56.7664],[-132.4759,56.6497],[-132.4344,56.6341],[-132.3577,56.6259],[-132.3367,56.6031],[-132.332,56.5579],[-132.305,56.5199],[-132.2556,56.4891],[-132.182,56.4207],[-132.1333,56.3999],[-132.0219,56.3801],[-131.9623,56.3237],[-131.9273,56.273],[-131.8879,56.2417],[-131.8442,56.2296],[-131.5514,56.2068],[-131.738,56.1612],[-131.8438,56.1601],[-132.0057,55.9301],[-132.0907,55.8396],[-132.158,55.7807],[-132.2075,55.7534],[-132.2234,55.721],[-132.1554,55.5996],[-132.119,55.5698],[-131.9834,55.535],[-131.945,55.5542],[-131.8694,55.6472],[-131.8336,55.7349],[-131.8033,55.766],[-131.7991,55.7828],[-131.8262,55.8354],[-131.8155,55.8542],[-131.7842,55.8766],[-131.6353,55.9322],[-131.2876,56.0121],[-131.0328,56.0881],[-131.074,56.0444],[-131.1404,55.9975],[-131.1277,55.9602],[-130.977,55.812],[-130.9186,55.736],[-130.8796,55.6118],[-130.8734,55.5511],[-130.8798,55.4595],[-130.856,55.3551],[-130.8351,55.3321],[-130.7482,55.318],[-130.7504,55.297],[-130.9839,55.2439],[-131.0459,55.1796],[-131.0479,55.1577],[-130.9797,55.0612],[-130.9346,54.9504],[-130.8496,54.8076],[-130.6158,54.7909],[-130.5753,54.7697],[-130.5355,54.7487],[-130.3494,54.8146],[-130.2039,54.947],[-130.2141,55.0259],[-130.2185,55.0603],[-130.1718,55.137],[-130.0366,55.2979],[-130.0393,55.3436],[-130.0595,55.4123],[-130.1204,55.5244],[-130.1404,55.585],[-130.1465,55.6545],[-130.1371,55.7194],[-130.112,55.7798],[-130.0747,55.836],[-130.0251,55.8882],[-130.0203,55.8808],[-130.0604,55.8137],[-130.0851,55.7517],[-130.0947,55.6948],[-130.093,55.6318],[-130.08,55.5629],[-130.044,55.4719],[-129.9852,55.3588],[-129.9958,55.2641],[-130.0584,55.1948],[-130.0918,55.1078],[-130.0485,55.0573],[-129.9852,55.1115],[-129.8771,55.2506],[-129.8377,55.3191],[-129.8156,55.4176],[-129.8119,55.5326],[-129.7952,55.5596],[-129.7655,55.4982],[-129.7342,55.458],[-129.7013,55.4386],[-129.6666,55.4367],[-129.6301,55.4522],[-129.5606,55.4625],[-129.7808,55.2805],[-129.8901,55.1646],[-129.9485,55.0811],[-130.1086,54.8873],[-130.1409,54.8228],[-130.2189,54.7303],[-130.3072,54.7003],[-130.3505,54.6553],[-130.37,54.62],[-130.3886,54.5394],[-130.3935,54.4796],[-130.4303,54.421],[-130.3968,54.3517],[-130.2903,54.2704],[-130.0842,54.1814],[-129.8984,54.2264],[-129.795,54.2361],[-129.626,54.2303],[-129.7908,54.1658],[-130.0433,54.1335],[-130.0635,54.1057],[-130.0859,53.9758],[-130.2329,53.8674],[-130.3353,53.7239],[-130.2633,53.6542],[-130.0744,53.5756],[-129.9119,53.5514],[-129.8218,53.4127],[-129.6867,53.3335],[-129.5637,53.2515],[-129.4624,53.3466],[-129.2843,53.3932],[-129.2579,53.418],[-129.2403,53.4791],[-129.2317,53.5764],[-129.2081,53.6416],[-129.0564,53.7778],[-129.014,53.7975],[-128.9594,53.8415],[-128.944,53.84],[-128.9278,53.8228],[-128.8902,53.8298],[-128.7048,53.9186],[-128.6509,53.9188],[-128.5321,53.8581],[-128.5604,53.8451],[-128.6529,53.8316],[-128.7147,53.81],[-128.7459,53.7802],[-128.7637,53.7469],[-128.7679,53.7102],[-128.7508,53.6608],[-128.6755,53.5546],[-128.6003,53.5061],[-128.5118,53.4766],[-128.4696,53.4709],[-128.3691,53.4904],[-128.2072,53.4832],[-128.1151,53.4459],[-127.95,53.3298],[-127.9278,53.2747],[-128.0792,53.3694],[-128.1327,53.4178],[-128.2911,53.4579],[-128.3581,53.4598],[-128.4786,53.4103],[-128.5421,53.4207],[-128.8331,53.5494],[-128.9056,53.5593],[-128.8504,53.6652],[-128.8546,53.7045],[-128.9356,53.7152],[-129.0214,53.6921],[-129.1145,53.6411],[-129.1716,53.5336],[-129.1295,53.4423],[-129.0809,53.3673],[-128.8686,53.3281],[-128.6523,53.2438],[-128.5247,53.1407],[-128.452,52.8766],[-128.365,52.8258],[-128.106,52.9069],[-128.0533,52.9107],[-128.1088,52.8581],[-128.1324,52.8058],[-128.1968,52.6233],[-128.2751,52.4355],[-128.2715,52.363],[-128.241,52.3683],[-128.184,52.4079],[-128.0382,52.5312],[-127.9434,52.5507],[-127.9402,52.5452],[-128.0213,52.4907],[-128.0516,52.4533],[-128.0603,52.4275],[-128.0291,52.3425],[-128.0375,52.3182],[-128.3576,52.1589],[-128.1936,51.9983],[-128.1022,51.7884],[-127.9954,51.9505],[-127.9022,52.1509],[-127.8343,52.251],[-127.7919,52.2894],[-127.7134,52.3185],[-127.5603,52.3432],[-127.5192,52.3593],[-127.1071,52.6328],[-127.0662,52.6527],[-127.0349,52.6817],[-127.0132,52.72],[-127.0064,52.7546],[-127.0193,52.8425],[-127.0083,52.8426],[-126.9664,52.7847],[-126.9514,52.751],[-126.9513,52.7212],[-126.9952,52.6579],[-127.1871,52.5377],[-127.2083,52.4982],[-127.194,52.4577],[-127.1606,52.3949],[-127.1271,52.3709],[-126.9382,52.3086],[-126.9014,52.2653],[-126.8952,52.2255],[-126.7526,52.1124],[-126.714,52.0607],[-126.7386,52.0649],[-126.8263,52.1251],[-126.9,52.1883],[-126.9595,52.2545],[-127.008,52.2907],[-127.1757,52.3148],[-127.2422,52.3951],[-127.4379,52.3562],[-127.5497,52.2976],[-127.6733,52.2529],[-127.7954,52.191],[-127.8433,52.0865],[-127.8588,51.9903],[-127.7276,51.9932],[-127.83,51.879],[-127.8632,51.8208],[-127.8691,51.7752],[-127.8505,51.6732],[-127.8189,51.6039],[-127.7475,51.5436],[-127.7287,51.5055],[-127.7141,51.4902],[-127.6687,51.4776],[-127.6449,51.4785],[-127.6096,51.5141],[-127.5757,51.5629],[-127.4427,51.679],[-127.3387,51.7074],[-127.0341,51.7167],[-126.6915,51.7034],[-126.7354,51.6926],[-126.9681,51.6699],[-127.2807,51.6541],[-127.3466,51.6424],[-127.4197,51.6081],[-127.6327,51.4273],[-127.6892,51.3435],[-127.7143,51.2687],[-127.7081,51.1512],[-127.5909,51.0875],[-127.4412,50.9894],[-127.3569,50.9456],[-127.2675,50.9161],[-127.0576,50.8675],[-127.0141,50.8668],[-126.9604,50.8937],[-126.6318,50.9151],[-126.5629,50.9655],[-126.5173,51.0568],[-126.4846,50.9605],[-126.5218,50.8661],[-126.4882,50.8418],[-126.4182,50.8502],[-126.3746,50.8374],[-126.3971,50.8071],[-126.4722,50.7673],[-126.5173,50.7245],[-126.5144,50.6794],[-126.493,50.6721],[-126.3703,50.6667],[-125.9807,50.7114],[-125.9041,50.7049],[-125.8976,50.6844],[-126.0672,50.6643],[-126.2389,50.6238],[-126.4161,50.607],[-126.4475,50.5877],[-126.45,50.5497],[-126.4045,50.5299],[-126.2366,50.5233],[-126.0943,50.4976],[-126.0241,50.4967],[-125.965,50.4874],[-125.8396,50.5106],[-125.7724,50.5082],[-125.7412,50.4786],[-125.6976,50.4646],[-125.6413,50.4662],[-125.6102,50.486],[-125.5858,50.5736],[-125.5556,50.6349],[-125.5394,50.649],[-125.526,50.5341],[-125.5072,50.5073],[-125.4763,50.4972],[-125.2099,50.4763],[-125.0588,50.5139],[-124.9854,50.5919],[-124.9425,50.6657],[-124.9311,50.7184],[-124.9493,50.7647],[-124.9336,50.8106],[-124.8599,50.8724],[-124.8754,50.8256],[-124.8575,50.7173],[-124.8542,50.6687],[-124.8626,50.6373],[-124.9368,50.5374],[-125.0567,50.4187],[-125.0436,50.3638],[-124.9856,50.3556],[-124.9333,50.2979],[-124.9342,50.2581],[-124.7843,50.0728],[-124.7824,50.0201],[-124.7023,49.9577],[-124.4833,49.8082],[-124.4126,49.7781],[-124.2812,49.7721],[-124.1416,49.7927],[-124.0588,49.8537],[-123.9849,49.8756],[-123.9721,49.892],[-123.9714,49.9695],[-123.9574,49.9928],[-123.8657,50.0721],[-123.863,50.1026],[-123.9459,50.1839],[-123.9336,50.1883],[-123.8801,50.1736],[-123.8254,50.1442],[-123.7877,50.1067],[-123.7847,50.088],[-123.8238,50.0437],[-123.885,50.017],[-123.9042,49.9812],[-123.9038,49.7955],[-123.8744,49.7368],[-123.818,49.6852],[-123.7627,49.6585],[-123.7083,49.6569],[-123.5825,49.6813],[-123.6127,49.6576],[-123.7391,49.5936],[-123.8172,49.5866],[-123.8471,49.6367],[-123.9228,49.7175],[-123.9595,49.7362],[-123.9926,49.7362],[-124.024,49.7113],[-124.0538,49.6617],[-124.0286,49.6029],[-123.9484,49.5347],[-123.8918,49.4947],[-123.8589,49.4829],[-123.5306,49.3973],[-123.5082,49.4024],[-123.437,49.4513],[-123.399,49.4419],[-123.3356,49.4592],[-123.3224,49.517],[-123.3367,49.5451],[-123.325,49.5777],[-123.1875,49.6803],[-123.1796,49.6735],[-123.1907,49.6443],[-123.223,49.5905],[-123.2477,49.443],[-123.2641,49.3905],[-123.2863,49.375],[-123.2905,49.3595],[-123.2768,49.3439],[-123.1743,49.3482],[-123.0155,49.3222],[-122.9645,49.3293],[-122.8791,49.3989],[-122.913,49.3232],[-122.9477,49.2933],[-123.0673,49.2916],[-123.1839,49.2777],[-123.2294,49.2605],[-123.1911,49.2195],[-123.1963,49.1477],[-123.1819,49.1295],[-123.1501,49.121],[-123.0795,49.1306],[-123.0773,49.1184],[-123.1093,49.0846],[-123.1176,49.0563],[-123.0864,48.993],[-123.0773,48.9802],[-123.0633,48.9777],[-123.0492,48.993],[-123.0272,49.0385],[-123.0023,49.0609],[-122.9627,49.0746],[-122.9242,49.0747],[-122.8267,49.0284],[-122.7888,48.993],[-122.7225,48.853],[-122.6859,48.7943],[-122.653,48.7639],[-122.5994,48.7671],[-122.5802,48.7796],[-122.562,48.778],[-122.5451,48.7623],[-122.5127,48.6694],[-122.5148,48.5552],[-122.5011,48.5375],[-122.4968,48.5056],[-122.5427,48.488],[-122.628,48.4979],[-122.6573,48.49],[-122.669,48.4652],[-122.6625,48.4464],[-122.6378,48.4333],[-122.5826,48.4287],[-122.5416,48.4109],[-122.4884,48.3743],[-122.4085,48.2939],[-122.4034,48.2692],[-122.467,48.2585],[-122.5203,48.2291],[-122.5291,48.1993],[-122.517,48.1597],[-122.494,48.1305],[-122.3948,48.0841],[-122.3866,48.0899],[-122.4247,48.1759],[-122.4158,48.1839],[-122.3887,48.1664],[-122.353,48.1138],[-122.3175,48.0802],[-122.2613,48.042],[-122.242,48.0107],[-122.3185,47.9331],[-122.3303,47.8986],[-122.3929,47.8206],[-122.4018,47.7843],[-122.382,47.7523],[-122.3836,47.7165],[-122.4068,47.6768],[-122.4105,47.6526],[-122.3808,47.6278],[-122.3684,47.6039],[-122.3752,47.5284],[-122.3511,47.3952],[-122.3538,47.3716],[-122.4201,47.3121],[-122.4648,47.2958],[-122.5111,47.295],[-122.5422,47.2756],[-122.6041,47.167],[-122.6271,47.1442],[-122.702,47.1109],[-122.7299,47.1118],[-122.812,47.146],[-122.9142,47.1315],[-123.0276,47.1389],[-122.9876,47.1726],[-122.9562,47.2446],[-122.9195,47.2896],[-122.8285,47.3366],[-122.8125,47.329],[-122.7833,47.226],[-122.7678,47.2184],[-122.7209,47.3051],[-122.7077,47.3164],[-122.6486,47.2814],[-122.6039,47.2746],[-122.5779,47.2932],[-122.5536,47.4049],[-122.5574,47.4632],[-122.5858,47.5284],[-122.6755,47.6124],[-122.6643,47.6172],[-122.6283,47.6082],[-122.6136,47.6156],[-122.6302,47.6928],[-122.6184,47.7128],[-122.5239,47.7693],[-122.5108,47.8157],[-122.5328,47.9197],[-122.5857,47.9279],[-122.5927,47.9164],[-122.5879,47.856],[-122.6082,47.8355],[-122.7179,47.7621],[-122.7571,47.7005],[-122.8141,47.6585],[-122.9129,47.6074],[-122.9825,47.5594],[-123.0486,47.4793],[-123.0602,47.4537],[-123.0668,47.3997],[-123.0182,47.4011],[-122.9169,47.418],[-122.9222,47.4077],[-123.0309,47.3602],[-123.1042,47.3484],[-123.1363,47.3558],[-123.1391,47.3861],[-123.1311,47.4377],[-123.0506,47.552],[-122.8214,47.7932],[-122.8054,47.7836],[-122.8018,47.7354],[-122.7784,47.7384],[-122.6566,47.8812],[-122.6795,47.9318],[-122.7397,48.0132],[-122.7691,48.076],[-122.7675,48.12],[-122.7786,48.1376],[-122.8609,48.09],[-122.9089,48.0769],[-122.9739,48.0733],[-123.0242,48.0816],[-123.1244,48.1509],[-123.1619,48.1545],[-123.2499,48.1242],[-123.2944,48.1195],[-123.9758,48.1685],[-124.0988,48.2],[-124.1755,48.2424],[-124.4291,48.3008],[-124.6326,48.375],[-124.71,48.3804],[-124.68,48.2859],[-124.7017,48.1517],[-124.6631,47.9741],[-124.6211,47.9042],[-124.4601,47.7842],[-124.376,47.6586],[-124.3093,47.4046],[-124.1988,47.2085],[-124.1705,47.0867],[-124.1636,47.0153],[-124.1393,46.9547],[-124.1168,47.0003],[-124.1117,47.0352],[-124.0422,47.0297],[-123.986,46.9845],[-123.8429,46.9632],[-124.1125,46.8627],[-124.0717,46.7448],[-123.9577,46.7087],[-123.8892,46.66],[-123.9124,46.5334],[-123.9461,46.4326],[-124.0164,46.5214],[-124.0443,46.6051],[-124.0502,46.4905],[-124.0451,46.3729],[-124.0728,46.2794],[-123.9598,46.3007],[-123.8957,46.2678],[-123.6884,46.2999],[-123.6503,46.2677],[-123.4648,46.2711],[-123.4047,46.221],[-123.2987,46.1709],[-123.2513,46.1673],[-123.2206,46.1536],[-123.3216,46.144],[-123.4023,46.155],[-123.4664,46.2094],[-123.5216,46.2227],[-123.6736,46.1826],[-123.9117,46.1822],[-123.9629,46.2254],[-123.9893,46.2194],[-123.9752,46.1783],[-123.9471,46.1406],[-123.9612,45.843],[-123.9293,45.577],[-123.9631,45.4761],[-123.9486,45.4008],[-124.0592,44.7777],[-124.0445,44.6482],[-124.0654,44.5201],[-124.0475,44.4255],[-124.0992,44.3338],[-124.1307,44.0557],[-124.1487,43.6917],[-124.1844,43.6516],[-124.2392,43.54],[-124.288,43.4097],[-124.2332,43.4364],[-124.1969,43.4233],[-124.2755,43.3674],[-124.3206,43.3682],[-124.3466,43.3417],[-124.4544,43.0124],[-124.4986,42.9369],[-124.5396,42.8129],[-124.4438,42.6702],[-124.4062,42.5837],[-124.4205,42.381],[-124.41,42.3043],[-124.3553,42.1229],[-124.2284,42.0008],[-124.2117,41.9846],[-124.2087,41.8886],[-124.2446,41.7879],[-124.1632,41.719],[-124.1177,41.6217],[-124.0719,41.4595],[-124.0685,41.3842],[-124.14,41.1559],[-124.1331,40.9698],[-124.1999,40.8221],[-124.2192,40.7907],[-124.2225,40.775],[-124.1902,40.7717],[-124.2084,40.7461],[-124.22,40.6965],[-124.2506,40.7039],[-124.2423,40.7279],[-124.2539,40.7403],[-124.2837,40.7105],[-124.3245,40.5981],[-124.3717,40.4912],[-124.3565,40.3711],[-124.324,40.252],[-124.1085,40.0945],[-123.8845,39.8608],[-123.8329,39.7755],[-123.7835,39.6187],[-123.7778,39.5149],[-123.8203,39.3684],[-123.7195,39.111],[-123.7011,38.9073],[-123.4248,38.6756],[-123.2897,38.5358],[-123.1211,38.4493],[-123.0462,38.3051],[-122.9865,38.2771],[-122.9082,38.1966],[-122.8768,38.1233],[-122.9776,38.2273],[-122.9682,38.097],[-123.0015,38.0193],[-122.9988,37.9886],[-122.932,38.0555],[-122.8729,38.0261],[-122.7604,37.9457],[-122.6807,37.9023],[-122.5842,37.8741],[-122.5213,37.8264],[-122.4669,37.8382],[-122.4949,37.9536],[-122.4839,38.1088],[-122.3934,38.1448],[-122.3371,38.1359],[-122.2083,38.0726],[-122.1538,38.0655],[-122.0315,38.1235],[-121.9931,38.1201],[-121.9342,38.0868],[-121.8808,38.075],[-121.7486,38.0805],[-121.6822,38.0748],[-121.6257,38.0839],[-121.5253,38.0559],[-121.573,38.0524],[-121.6381,38.0613],[-121.7168,38.0341],[-122.0867,38.0496],[-122.217,38.0406],[-122.3143,38.0073],[-122.3854,37.9606],[-122.3655,37.9212],[-122.3334,37.8966],[-122.296,37.7903],[-122.2222,37.732],[-122.1581,37.6265],[-122.1241,37.5438],[-122.0965,37.5182],[-122.0705,37.4783],[-122.119,37.4828],[-122.166,37.5017],[-122.2287,37.5639],[-122.2976,37.5918],[-122.3697,37.6559],[-122.3903,37.7411],[-122.3841,37.7885],[-122.4456,37.798],[-122.5142,37.772],[-122.5004,37.6528],[-122.4992,37.5426],[-122.4084,37.3731],[-122.3949,37.2075],[-122.1642,36.991],[-121.8807,36.9389],[-121.8074,36.8512],[-121.7945,36.801],[-121.79,36.7323],[-121.8352,36.6575],[-121.9187,36.5724],[-121.9102,36.4329],[-121.8774,36.3311],[-121.6644,36.1541],[-121.465,35.9274],[-121.4337,35.8639],[-121.3438,35.7922],[-121.2838,35.6763],[-121.1379,35.6071],[-121.0229,35.4808],[-120.8996,35.4251],[-120.8603,35.3654],[-120.8849,35.275],[-120.8574,35.2097],[-120.707,35.1577],[-120.6591,35.1224],[-120.6336,35.0765],[-120.663,34.9493],[-120.6249,34.812],[-120.6376,34.7494],[-120.6267,34.6689],[-120.6447,34.58],[-120.5598,34.5439],[-120.4812,34.4716],[-120.3965,34.4596],[-120.1695,34.4765],[-120.053,34.4693],[-119.8533,34.412],[-119.7132,34.3997],[-119.6061,34.418],[-119.4137,34.3386],[-119.2677,34.2574],[-119.2358,34.1641],[-119.1437,34.112],[-118.832,34.0245],[-118.5988,34.035],[-118.5062,34.0174],[-118.393,33.8583],[-118.4104,33.7439],[-118.2942,33.7123],[-118.2644,33.7586],[-118.1619,33.7507],[-118.0805,33.7222],[-117.9521,33.6196],[-117.7885,33.5385],[-117.4674,33.2955],[-117.3188,33.1],[-117.263,32.9389],[-117.2558,32.8734],[-117.2707,32.8063],[-117.2435,32.664],[-117.1837,32.6879],[-117.1374,32.6492],[-117.1305,32.5397],[-117.1283,32.5334],[-117.0631,32.3436],[-117.0348,32.305],[-116.9137,32.1985],[-116.848,31.9974],[-116.6208,31.8511],[-116.6239,31.758],[-116.6521,31.7403],[-116.7017,31.7437],[-116.7221,31.7346],[-116.6685,31.6986],[-116.6622,31.5649],[-116.6096,31.4991],[-116.4585,31.361],[-116.3334,31.2028],[-116.3097,31.1273],[-116.3096,31.051],[-116.2963,30.9705],[-116.0622,30.8042],[-116.0354,30.7055],[-116.0286,30.5636],[-115.9958,30.4145],[-115.8582,30.3598],[-115.8156,30.3036],[-115.7896,30.0842],[-115.8083,29.9602],[-115.7487,29.9357],[-115.6738,29.7564],[-115.5653,29.68],[-115.3112,29.5319],[-115.1664,29.4272],[-114.9935,29.3844],[-114.9373,29.3516],[-114.8759,29.2819],[-114.664,29.0946],[-114.3092,28.7299],[-114.1455,28.6054],[-114.0485,28.4262],[-114.0927,28.2213],[-114.1853,28.0133],[-114.2659,27.9345],[-114.2526,27.908],[-114.1584,27.9197],[-114.1573,27.868],[-114.1754,27.8306],[-114.1351,27.7266],[-114.0693,27.6757],[-114.1372,27.6714],[-114.2327,27.7181],[-114.3022,27.7757],[-114.2891,27.8386],[-114.3006,27.873],[-114.3727,27.8412],[-114.4485,27.7969],[-114.57,27.7839],[-114.8235,27.8299],[-115.0365,27.8418],[-115.0332,27.7989],[-114.9935,27.736],[-114.8587,27.6592],[-114.7156,27.5396],[-114.5399,27.4311],[-114.4983,27.3762],[-114.4797,27.2836],[-114.4453,27.2182],[-114.3334,27.158],[-114.2019,27.1435],[-114.1101,27.106],[-113.9965,26.9877],[-113.9359,26.9853],[-113.841,26.9665],[-113.7566,26.8709],[-113.7013,26.7914],[-113.5985,26.7213],[-113.4259,26.7958],[-113.2723,26.791],[-113.2058,26.857],[-113.1558,26.9462],[-113.1432,26.7922],[-113.1192,26.7165],[-113.0208,26.5833],[-112.6584,26.3167],[-112.5261,26.2735],[-112.3772,26.2139],[-112.1738,25.9126],[-112.1198,25.7655],[-112.1146,25.6304],[-112.0934,25.5844],[-112.0699,25.5729],[-112.0558,25.4882],[-112.078,25.324],[-112.1285,25.0431],[-112.119,24.934],[-112.0726,24.84],[-111.8482,24.6701],[-111.8252,24.6318],[-111.8223,24.5734],[-111.8025,24.5425],[-111.7504,24.5542],[-111.6829,24.5558],[-111.5782,24.443],[-111.4193,24.329],[-111.0362,24.1053],[-110.8956,23.9703],[-110.7649,23.877],[-110.63,23.7373],[-110.3627,23.6049],[-110.2888,23.5177],[-110.2441,23.4123],[-110.1806,23.3415],[-110.086,23.0055],[-110.0062,22.894],[-109.9234,22.8859],[-109.823,22.9222],[-109.7284,22.9818],[-109.6305,23.0787],[-109.4957,23.1598],[-109.4581,23.2147],[-109.415,23.4056],[-109.4208,23.4801],[-109.5096,23.5979],[-109.6766,23.6616],[-109.7105,23.8038],[-109.776,23.8649],[-109.8113,23.939],[-109.8932,24.033],[-109.9825,24.1094],[-110.0228,24.1746],[-110.2629,24.3445],[-110.3038,24.3395],[-110.3251,24.306],[-110.3209,24.2592],[-110.2968,24.1949],[-110.32,24.1395],[-110.3674,24.1005],[-110.4096,24.131],[-110.3997,24.1651],[-110.4215,24.1834],[-110.547,24.2142],[-110.6593,24.3415],[-110.7345,24.5898],[-110.729,24.6715],[-110.6772,24.7885],[-110.6868,24.8677],[-110.7557,24.9946],[-110.8939,25.1442],[-111.0136,25.4203],[-111.0344,25.527],[-111.1496,25.5726],[-111.2916,25.7898],[-111.3304,25.9313],[-111.3321,26.1254],[-111.4046,26.265],[-111.4185,26.35],[-111.4645,26.4084],[-111.4702,26.5066],[-111.5459,26.5792],[-111.5697,26.7076],[-111.7953,26.8797],[-111.8218,26.8651],[-111.8168,26.7563],[-111.7785,26.6873],[-111.6994,26.581],[-111.7234,26.5644],[-111.754,26.5727],[-111.8626,26.6785],[-111.8832,26.8402],[-112.0091,26.9671],[-112.0156,27.0097],[-112.004,27.0791],[-112.0981,27.1459],[-112.1915,27.1867],[-112.2826,27.3475],[-112.3292,27.5234],[-112.5526,27.6575],[-112.734,27.826],[-112.7582,27.9006],[-112.7493,27.9949],[-112.8081,28.0922],[-112.7957,28.2071],[-112.8685,28.292],[-112.8652,28.3506],[-112.8708,28.4242],[-112.9566,28.4559],[-113.0336,28.4726],[-113.0937,28.5118],[-113.2056,28.7988],[-113.2589,28.8188],[-113.3207,28.8131],[-113.335,28.8391],[-113.3289,28.873],[-113.3818,28.9467],[-113.4997,28.9267],[-113.5385,29.0234],[-113.5453,29.1022],[-113.7555,29.3675],[-113.829,29.4395],[-114.0619,29.6095],[-114.1792,29.7343],[-114.3726,29.8302],[-114.4034,29.8965],[-114.5505,30.0223],[-114.6299,30.1563],[-114.6498,30.2381],[-114.6333,30.5069],[-114.6854,30.6212],[-114.7034,30.7652],[-114.761,30.9587],[-114.8447,31.0805],[-114.8819,31.1564],[-114.8481,31.5379],[-114.7899,31.6471],[-114.8395,31.7985],[-114.8951,31.8506],[-114.9336,31.9007],[-114.7413,31.8065],[-114.6976,31.7774],[-114.6088,31.7623],[-114.5487,31.7335],[-114.2641,31.5544],[-114.1493,31.5074],[-114.0809,31.5104],[-114.0027,31.5251],[-113.9775,31.5927],[-113.9478,31.6293],[-113.7594,31.5578],[-113.7,31.5233],[-113.633,31.4676],[-113.6235,31.3459],[-113.4808,31.2936],[-113.2314,31.256],[-113.1862,31.236],[-113.0836,31.2072],[-113.0467,31.1792],[-113.0429,31.087],[-113.0728,31.0609],[-113.108,31.0773],[-113.1186,31.0481],[-113.105,31.0272],[-113.087,30.9381],[-113.1104,30.7933],[-113.0577,30.651],[-112.9518,30.51],[-112.8248,30.3001],[-112.7592,30.1257],[-112.7384,29.9854],[-112.6972,29.9168],[-112.6531,29.8701],[-112.5729,29.7195],[-112.4146,29.5364],[-112.3887,29.4601],[-112.3932,29.4197],[-112.3782,29.3477],[-112.3014,29.3229],[-112.2235,29.2695],[-112.192,29.118],[-112.1618,29.0189],[-112.0449,28.8959],[-111.9408,28.8232],[-111.9186,28.7979],[-111.907,28.7525],[-111.8324,28.6481],[-111.7472,28.564],[-111.6801,28.4706],[-111.4717,28.384],[-111.2824,28.1152],[-111.1214,27.967],[-110.9861,27.926],[-110.9208,27.8889],[-110.8486,27.9176],[-110.759,27.9152],[-110.5299,27.8642],[-110.5783,27.7957],[-110.6155,27.6539],[-110.5927,27.5443],[-110.5606,27.4501],[-110.5194,27.3956],[-110.4778,27.3227],[-110.3773,27.2333],[-110.2771,27.1622],[-109.944,27.0793],[-109.9256,27.0287],[-109.9217,26.9782],[-109.8909,26.8834],[-109.8284,26.7701],[-109.7548,26.7029],[-109.6761,26.6968],[-109.4829,26.7104],[-109.2763,26.5339],[-109.2433,26.45],[-109.2406,26.4047],[-109.216,26.3553],[-109.1463,26.3057],[-109.1167,26.2527],[-109.1588,26.2584],[-109.1997,26.3052],[-109.2707,26.2431],[-109.3541,26.1385],[-109.4256,26.0326],[-109.385,25.7271],[-109.3043,25.6332],[-109.254,25.6088],[-109.1965,25.5925],[-109.0841,25.615],[-109.0083,25.642],[-108.9352,25.6903],[-108.8866,25.7334],[-108.8849,25.696],[-108.9728,25.5885],[-109.0685,25.5516],[-109.0635,25.5167],[-109.0288,25.4805],[-108.8932,25.5116],[-108.8436,25.5433],[-108.7873,25.538],[-108.751,25.4242],[-108.6964,25.3829],[-108.4663,25.2651],[-108.3737,25.1943],[-108.0928,25.0935],[-108.0515,25.067],[-108.0357,25.0354],[-108.0796,25.0181],[-108.1401,25.0184],[-108.192,25.0307],[-108.2433,25.0737],[-108.2808,25.0815],[-108.2077,24.9748],[-108.0151,24.7834],[-108.0088,24.6936],[-107.9512,24.6149],[-107.8167,24.539],[-107.7095,24.525],[-107.6737,24.5036],[-107.602,24.4901],[-107.5489,24.5048],[-107.5119,24.4892],[-107.4889,24.424],[-107.4937,24.3694],[-107.5272,24.3601],[-107.7266,24.4719],[-107.7649,24.4719],[-107.0849,24.0161],[-106.9355,23.8813],[-106.7288,23.6107],[-106.5665,23.4495],[-106.4022,23.1956],[-106.2346,23.0609],[-106.0217,22.8291],[-105.9434,22.777],[-105.7918,22.6275],[-105.6455,22.3269],[-105.6491,21.9881],[-105.5274,21.8185],[-105.4574,21.6725],[-105.4314,21.6183],[-105.2087,21.4908],[-105.2333,21.3804],[-105.225,21.2497],[-105.2371,21.1192],[-105.302,21.0266],[-105.394,20.9261],[-105.4563,20.8438],[-105.5108,20.8087],[-105.4924,20.7766],[-105.4201,20.7754],[-105.3271,20.753],[-105.2523,20.6685],[-105.2447,20.6342],[-105.2602,20.5791],[-105.3771,20.5119],[-105.5426,20.4979],[-105.6421,20.436],[-105.6694,20.3856],[-105.6159,20.3163],[-105.5704,20.2278],[-105.5324,20.0754],[-105.4821,19.9761],[-105.2864,19.7065],[-105.1077,19.5622],[-105.0452,19.4433],[-104.9385,19.3094],[-104.603,19.1529],[-104.4052,19.0912],[-104.277,19.011],[-104.0457,18.9118],[-103.9125,18.8285],[-103.6989,18.633],[-103.5803,18.4844],[-103.4416,18.3254],[-103.0185,18.1869],[-102.6996,18.0628],[-102.547,18.0414],[-102.2166,17.9574],[-101.9955,17.9727],[-101.9187,17.9598],[-101.8471,17.9223],[-101.7624,17.842],[-101.6003,17.6516],[-101.4871,17.6153],[-101.3855,17.5142],[-101.1479,17.3931],[-101.002,17.2761],[-100.8478,17.2005],[-100.4319,17.0641],[-100.243,16.9842],[-100.0245,16.9205],[-99.6907,16.7196],[-99.348,16.6647],[-99.0017,16.5814],[-98.908,16.5446],[-98.7622,16.5348],[-98.5203,16.3048],[-98.139,16.2063],[-97.7548,15.9668],[-97.1847,15.9093],[-96.808,15.7264],[-96.5108,15.6519],[-96.4086,15.6831],[-96.2136,15.6931],[-95.7718,15.8878],[-95.4644,15.9747],[-95.1344,16.177],[-94.9493,16.21],[-94.7994,16.2097],[-94.7858,16.2291],[-94.846,16.2466],[-95.0208,16.2776],[-95.0235,16.3063],[-94.9347,16.3791],[-94.9004,16.4175],[-94.8587,16.4197],[-94.7929,16.3646],[-94.7975,16.3271],[-94.7908,16.2872],[-94.7528,16.2912],[-94.6508,16.3518],[-94.6168,16.3476],[-94.5871,16.3158],[-94.6823,16.2282],[-94.6615,16.2019],[-94.4708,16.1866],[-94.0013,16.0189],[-94.0283,16.0621],[-94.1934,16.1456],[-94.2495,16.1675],[-94.3028,16.1693],[-94.3702,16.1954],[-94.4264,16.2263],[-94.409,16.2874],[-94.3742,16.2848],[-94.3113,16.2394],[-94.2399,16.2051],[-94.079,16.1453],[-93.9161,16.0536],[-93.7344,15.8885],[-93.5412,15.7504],[-93.1669,15.448],[-93.0244,15.3103],[-92.9184,15.2361],[-92.8089,15.1386],[-92.531,14.8396],[-92.2646,14.5678],[-92.2352,14.5454],[-91.8191,14.2282],[-91.6409,14.1149],[-91.3773,13.9902],[-91.146,13.9256],[-90.6069,13.929],[-90.4791,13.9009],[-90.0952,13.7365],[-89.9705,13.6832],[-89.8042,13.5601],[-89.5232,13.5091],[-89.2776,13.4781],[-88.867,13.2833],[-88.512,13.1839],[-88.4839,13.1972],[-88.5815,13.245],[-88.6559,13.2592],[-88.6856,13.2815],[-88.5916,13.2811],[-88.4171,13.2135],[-88.1807,13.164],[-88.0234,13.1688],[-87.9309,13.1807],[-87.8781,13.2244],[-87.8207,13.2852],[-87.8384,13.3858],[-87.8142,13.3992],[-87.7694,13.3767],[-87.7083,13.3601],[-87.6022,13.3856],[-87.4891,13.3529],[-87.4852,13.3106],[-87.4984,13.2749],[-87.4584,13.2154],[-87.4128,13.1274],[-87.3325,13.0847],[-87.3373,12.9792],[-87.3386,12.95],[-87.3896,12.9207],[-87.4244,12.9211],[-87.4979,12.9842],[-87.5433,13.0397],[-87.5851,13.0433],[-87.6702,12.9657],[-87.6675,12.9036],[-87.4602,12.7576],[-87.1884,12.5084],[-87.1252,12.4341],[-86.851,12.2478],[-86.7556,12.1566],[-86.6555,11.9815],[-86.4689,11.7383],[-85.9611,11.3313],[-85.8285,11.1987],[-85.7452,11.0886],[-85.7443,11.0621],[-85.7437,11.043],[-85.7522,10.9853],[-85.8874,10.9213],[-85.908,10.8976],[-85.8329,10.85],[-85.7148,10.7906],[-85.6672,10.745],[-85.6714,10.6798],[-85.6633,10.6354],[-85.7031,10.5635],[-85.8306,10.3981],[-85.8497,10.292],[-85.7965,10.1329],[-85.681,9.9586],[-85.6249,9.9024],[-85.3146,9.8109],[-85.154,9.6201],[-85.1145,9.5818],[-85.0771,9.602],[-85.0597,9.6683],[-85.0013,9.6993],[-84.8864,9.8209],[-84.9083,9.8846],[-84.9628,9.9334],[-85.1607,10.0174],[-85.2365,10.1074],[-85.2632,10.2566],[-85.2356,10.2421],[-85.1984,10.1953],[-85.025,10.1157],[-84.7149,9.8994],[-84.6431,9.7894],[-84.6705,9.7029],[-84.6589,9.6467],[-84.5816,9.5684],[-84.4827,9.5262],[-84.2224,9.4625],[-84.1179,9.3794],[-83.8956,9.2764],[-83.7369,9.1503],[-83.6373,9.0354],[-83.6162,8.9598],[-83.6137,8.8041],[-83.6422,8.7289],[-83.7341,8.6145],[-83.6047,8.4803],[-83.5437,8.4459],[-83.4521,8.4385],[-83.3768,8.4149],[-83.2915,8.406],[-83.2896,8.4638],[-83.2978,8.5069],[-83.4218,8.6192],[-83.4697,8.7068],[-83.3914,8.7177],[-83.2858,8.6644],[-83.1624,8.5882],[-83.1296,8.5055],[-83.1233,8.3531],[-83.0415,8.2877],[-82.9473,8.1817],[-82.8793,8.0707],[-82.8543,8.0995],[-82.8661,8.2463],[-82.7812,8.3035],[-82.6795,8.322],[-82.531,8.2874],[-82.3648,8.2749],[-82.2354,8.311],[-82.2243,8.2304],[-82.1599,8.1948],[-82.0967,8.2228],[-81.9733,8.2151],[-81.8603,8.1654],[-81.7276,8.1375],[-81.6943,8.0714],[-81.6757,8.0159],[-81.5041,7.7212],[-81.3696,7.6753],[-81.2684,7.6255],[-81.219,7.6209],[-81.1955,7.6684],[-81.1794,7.8075],[-81.1578,7.8544],[-81.0939,7.8763],[-81.0639,7.8998],[-81.0351,7.7111],[-80.9146,7.4375],[-80.9012,7.2771],[-80.8456,7.2201],[-80.6667,7.2257],[-80.4389,7.275],[-80.3729,7.3247],[-80.3482,7.3857],[-80.2873,7.4256],[-80.1106,7.4334],[-80.0673,7.4532],[-80.0112,7.5],[-80.04,7.5998],[-80.0752,7.667],[-80.2609,7.8517],[-80.3656,7.998],[-80.4091,8.0286],[-80.4581,8.0771],[-80.4659,8.1399],[-80.459,8.2139],[-80.4076,8.2625],[-80.3687,8.2888],[-80.2001,8.314],[-80.1258,8.3497],[-79.7504,8.5955],[-79.8159,8.6392],[-79.7585,8.7116],[-79.7311,8.7753],[-79.6875,8.851],[-79.5724,8.9033],[-79.5517,8.9245],[-79.5071,8.9701],[-79.4415,9.006],[-79.2467,9.0201],[-79.0864,8.9972],[-78.9552,8.9325],[-78.8482,8.8422],[-78.7697,8.8111],[-78.7102,8.7529],[-78.6698,8.7422],[-78.6209,8.7137],[-78.5141,8.6282],[-78.4694,8.4467],[-78.436,8.4033],[-78.4099,8.3553],[-78.3793,8.3586],[-78.3694,8.4049],[-78.3879,8.4434],[-78.3992,8.5057],[-78.3743,8.4893],[-78.3501,8.46],[-78.2561,8.4537],[-78.2511,8.4214],[-78.223,8.3966],[-78.1908,8.4173],[-78.1618,8.4537],[-78.0995,8.497],[-78.0572,8.3971],[-78.0125,8.3254],[-77.8529,8.2162],[-77.7605,8.1333],[-77.8336,8.1512],[-77.9517,8.2303],[-78.0478,8.2848],[-78.1139,8.3796],[-78.1419,8.3861],[-78.18,8.3303],[-78.2812,8.2476],[-78.2549,8.1386],[-78.2874,8.0918],[-78.3154,8.0669],[-78.3676,8.0706],[-78.4216,8.061],[-78.3782,7.8999],[-78.1701,7.5438],[-77.9298,7.2563],[-77.9012,7.2293],[-77.8037,7.1373],[-77.681,6.9604],[-77.6458,6.8696],[-77.6021,6.8373],[-77.526,6.6931],[-77.4389,6.6903],[-77.3688,6.5756],[-77.3599,6.5045],[-77.3982,6.275],[-77.4401,6.2717],[-77.473,6.2856],[-77.4694,6.1768],[-77.3447,5.9954],[-77.2493,5.7802],[-77.3246,5.6756],[-77.5344,5.5371],[-77.4018,5.4162],[-77.3733,5.324],[-77.3592,5.2152],[-77.3667,5.0766],[-77.3395,4.8385],[-77.3065,4.7847],[-77.2863,4.7217],[-77.3137,4.5938],[-77.3283,4.475],[-77.3535,4.3983],[-77.4143,4.3476],[-77.4458,4.301],[-77.5155,4.2563],[-77.5207,4.2128],[-77.4087,4.2478],[-77.4045,4.2008],[-77.4335,4.131],[-77.4273,4.0604],[-77.3582,3.9447],[-77.278,4.0585],[-77.2484,4.041],[-77.2635,3.8932],[-77.212,3.8674],[-77.1666,3.8623],[-77.1269,3.9061],[-77.0768,3.9133],[-77.2428,3.5854],[-77.3244,3.4748],[-77.3565,3.3486],[-77.4171,3.3418],[-77.4722,3.2338],[-77.5203,3.1603],[-77.5591,3.076],[-77.632,3.0512],[-77.6937,3.0399],[-77.701,3.0076],[-77.6711,2.9193],[-77.67,2.8789],[-77.7767,2.7873],[-77.808,2.7464],[-77.8136,2.7164],[-77.8745,2.7259],[-77.9008,2.6988],[-77.9323,2.6292],[-77.9872,2.569],[-78.0302,2.5431],[-78.0666,2.5091],[-78.12,2.4882],[-78.2961,2.5105],[-78.3429,2.4605],[-78.4169,2.4835],[-78.4604,2.4701],[-78.5347,2.4237],[-78.5917,2.3566],[-78.617,2.3068],[-78.6286,2.0563],[-78.5504,1.9236],[-78.5769,1.7738],[-78.793,1.8487],[-78.9577,1.7522],[-79.0254,1.6237],[-78.8885,1.5241],[-78.8597,1.4554],[-78.8271,1.2959],[-78.8997,1.2063],[-79.2291,1.1046],[-79.4654,1.0601],[-79.6132,0.9711],[-79.7412,0.9798],[-79.7958,0.9223],[-79.9035,0.8602],[-80.0359,0.8346],[-80.0883,0.7848],[-80.061,0.5923],[-80.025,0.4102],[-80.0461,0.1554],[-80.1334,-0.0061],[-80.237,-0.1131],[-80.3213,-0.1658],[-80.4823,-0.3683],[-80.4683,-0.436],[-80.3848,-0.584],[-80.2824,-0.6205],[-80.3584,-0.6251],[-80.4555,-0.5854],[-80.5051,-0.6838],[-80.5539,-0.8479],[-80.6237,-0.8987],[-80.8414,-0.9747],[-80.9024,-1.0789],[-80.82,-1.2858],[-80.8014,-1.3834],[-80.835,-1.6324],[-80.7631,-1.8229],[-80.7606,-1.9346],[-80.7704,-2.0767],[-80.8676,-2.1412],[-80.9628,-2.1893],[-80.9516,-2.2354],[-80.9322,-2.2691],[-80.8391,-2.349],[-80.6849,-2.3969],[-80.4501,-2.626],[-80.3786,-2.668],[-80.2847,-2.7067],[-80.2553,-2.6646],[-80.2486,-2.6306],[-80.1271,-2.5284],[-80.0531,-2.3907],[-80.0066,-2.3538],[-80.0302,-2.5567],[-79.989,-2.5787],[-79.9256,-2.5485],[-79.8803,-2.4236],[-79.8934,-2.1457],[-79.8421,-2.0674],[-79.8326,-2.1105],[-79.8397,-2.1679],[-79.8224,-2.3565],[-79.7455,-2.4847],[-79.7299,-2.5791],[-79.8227,-2.777],[-79.9216,-3.0901],[-79.9633,-3.1577],[-80.0267,-3.2281],[-80.1003,-3.274],[-80.1599,-3.3243],[-80.3031,-3.3748],[-80.3247,-3.3879],[-80.5037,-3.4961],[-80.6527,-3.6382],[-80.7986,-3.7311],[-80.8919,-3.8816],[-81.232,-4.2343],[-81.2832,-4.3223],[-81.3366,-4.6695],[-81.2894,-4.7607],[-81.1951,-4.8795],[-81.1085,-5.0278],[-81.1507,-5.1019],[-81.1677,-5.1671],[-80.9431,-5.4754],[-80.8819,-5.6351],[-80.8827,-5.759],[-80.9307,-5.8408],[-80.9917,-5.8609],[-81.0918,-5.8124],[-81.1643,-5.8753],[-81.1805,-5.9424],[-81.142,-6.0567],[-81.0584,-6.1294],[-80.8116,-6.2822],[-80.1103,-6.6496],[-79.995,-6.7689],[-79.9047,-6.9017],[-79.762,-7.0665],[-79.6177,-7.2956],[-79.5889,-7.4189],[-79.3772,-7.8355],[-79.3128,-7.9232],[-79.1644,-8.0472],[-79.0123,-8.2102],[-78.9254,-8.4046],[-78.7623,-8.617],[-78.7546,-8.7404],[-78.6646,-8.9711],[-78.5801,-9.1566],[-78.4457,-9.3706],[-78.3565,-9.6521],[-78.2756,-9.8104],[-78.1856,-10.0891],[-78.0955,-10.2606],[-77.7361,-10.8367],[-77.6643,-11.0221],[-77.6386,-11.1936],[-77.6332,-11.2878],[-77.3099,-11.5324],[-77.2203,-11.6634],[-77.1576,-11.9234],[-77.1527,-12.0604],[-77.0627,-12.1068],[-77.0381,-12.1728],[-76.9941,-12.2192],[-76.8321,-12.3487],[-76.758,-12.5271],[-76.6371,-12.728],[-76.5552,-12.8234],[-76.5021,-12.9844],[-76.4273,-13.11],[-76.2236,-13.3712],[-76.1839,-13.5152],[-76.2592,-13.8028],[-76.3195,-13.8215],[-76.3765,-13.8631],[-76.297,-13.9484],[-76.289,-14.1331],[-76.1751,-14.2267],[-76.1365,-14.3203],[-76.0063,-14.4958],[-75.9339,-14.6336],[-75.7377,-14.785],[-75.5336,-14.8992],[-75.3966,-15.0936],[-75.2746,-15.1781],[-75.1905,-15.3201],[-75.1042,-15.4119],[-74.5549,-15.699],[-74.3729,-15.834],[-74.1471,-15.9125],[-73.825,-16.1528],[-73.7277,-16.2017],[-73.4,-16.3043],[-73.2638,-16.3886],[-72.9577,-16.5209],[-72.7939,-16.6146],[-72.4677,-16.7081],[-72.3625,-16.775],[-72.2686,-16.8762],[-72.1113,-17.0025],[-71.9669,-17.0641],[-71.8684,-17.1511],[-71.7745,-17.1988],[-71.5322,-17.2943],[-71.4359,-17.366],[-71.3994,-17.422],[-71.3649,-17.6205],[-71.337,-17.6825],[-71.0566,-17.8757],[-70.9417,-17.932],[-70.8175,-18.0525],[-70.4916,-18.2777],[-70.4183,-18.3456],[-70.3616,-18.398],[-70.3361,-18.5952],[-70.3349,-18.8275],[-70.2758,-19.2676],[-70.2104,-19.4869],[-70.1983,-19.613],[-70.1574,-19.7059],[-70.1481,-19.8051],[-70.1475,-20.2298],[-70.1937,-20.5314],[-70.197,-20.7254],[-70.0884,-21.2532],[-70.08,-21.3568],[-70.0875,-21.4931],[-70.1296,-21.6408],[-70.1551,-21.8666],[-70.1854,-21.9746],[-70.2285,-22.1932],[-70.2595,-22.5561],[-70.3317,-22.8486],[-70.3892,-22.9696],[-70.4497,-23.0342],[-70.5632,-23.057],[-70.5688,-23.1733],[-70.5934,-23.2555],[-70.5881,-23.3684],[-70.512,-23.4828],[-70.4196,-23.5285],[-70.3923,-23.5659],[-70.41,-23.6556],[-70.4878,-23.7817],[-70.5074,-23.8857],[-70.5201,-23.9686],[-70.5074,-24.1297],[-70.5464,-24.3316],[-70.5741,-24.6443],[-70.5586,-24.7785],[-70.4454,-25.1727],[-70.4522,-25.2519],[-70.4895,-25.3765],[-70.5781,-25.4875],[-70.633,-25.5456],[-70.7137,-25.7842],[-70.6996,-25.8611],[-70.6354,-25.9927],[-70.6623,-26.2254],[-70.6466,-26.3294],[-70.687,-26.4218],[-70.7084,-26.597],[-70.8029,-26.8409],[-70.8127,-26.9506],[-70.8979,-27.1875],[-70.9143,-27.3079],[-70.9093,-27.5052],[-70.9258,-27.5887],[-70.9458,-27.6179],[-71.0526,-27.7273],[-71.0865,-27.8145],[-71.1545,-28.0641],[-71.1864,-28.3778],[-71.2668,-28.5075],[-71.3067,-28.6725],[-71.3841,-28.7787],[-71.4936,-28.8553],[-71.5192,-28.9265],[-71.4858,-29.1982],[-71.3533,-29.3504],[-71.3267,-29.4432],[-71.3157,-29.6497],[-71.348,-29.9332],[-71.4004,-30.143],[-71.6695,-30.3304],[-71.7089,-30.628],[-71.7057,-30.7593],[-71.6539,-30.9866],[-71.662,-31.1695],[-71.5773,-31.4964],[-71.5259,-31.8059],[-71.513,-32.2079],[-71.4213,-32.3868],[-71.4614,-32.5379],[-71.4522,-32.6596],[-71.592,-32.9695],[-71.6355,-33.0226],[-71.743,-33.0951],[-71.6966,-33.2891],[-71.6955,-33.429],[-71.6363,-33.5192],[-71.6644,-33.6526],[-71.831,-33.8195],[-71.854,-33.8896],[-71.9269,-34.0156],[-72.0028,-34.1653],[-71.9915,-34.2885],[-72.0308,-34.4205],[-72.056,-34.6158],[-72.1824,-34.9202],[-72.2238,-35.0962],[-72.3867,-35.2404],[-72.455,-35.3408],[-72.5052,-35.447],[-72.5621,-35.5054],[-72.6239,-35.5857],[-72.5874,-35.7597],[-72.6834,-35.877],[-72.7784,-35.9785],[-72.8746,-36.3904],[-72.9678,-36.5378],[-73.0066,-36.6435],[-73.1181,-36.6884],[-73.1378,-36.7999],[-73.1513,-36.8762],[-73.1729,-37.0535],[-73.216,-37.1669],[-73.2711,-37.2074],[-73.3746,-37.2243],[-73.6017,-37.1885],[-73.6336,-37.2555],[-73.6624,-37.341],[-73.6034,-37.4791],[-73.6646,-37.5904],[-73.6618,-37.6985],[-73.5167,-37.9105],[-73.4648,-38.0403],[-73.4719,-38.1301],[-73.5326,-38.3668],[-73.5202,-38.5094],[-73.4808,-38.624],[-73.2265,-39.2244],[-73.2499,-39.4224],[-73.4104,-39.7892],[-73.4822,-39.8543],[-73.671,-39.9632],[-73.6694,-40.0823],[-73.7425,-40.263],[-73.784,-40.4685],[-73.9203,-40.8716],[-73.9836,-40.9743],[-73.9659,-41.1183],[-73.8762,-41.3193],[-73.855,-41.4464],[-73.8107,-41.5175],[-73.7106,-41.5736],[-73.6239,-41.5813],[-73.625,-41.6119],[-73.6881,-41.6393],[-73.7219,-41.6925],[-73.7352,-41.7425],[-73.624,-41.7736],[-73.5213,-41.7971],[-73.2418,-41.7809],[-73.1741,-41.7466],[-73.015,-41.5438],[-72.9528,-41.5147],[-72.88,-41.5176],[-72.8051,-41.5443],[-72.6698,-41.6594],[-72.6008,-41.6841],[-72.5424,-41.6906],[-72.4277,-41.6459],[-72.3595,-41.5139],[-72.3183,-41.499],[-72.3604,-41.6491],[-72.486,-41.7221],[-72.6599,-41.7425],[-72.7437,-41.8006],[-72.7838,-41.8468],[-72.8241,-41.9088],[-72.7812,-41.9596],[-72.7382,-41.9946],[-72.624,-42.0105],[-72.4994,-41.9809],[-72.4601,-42.2066],[-72.4124,-42.3882],[-72.4303,-42.4339],[-72.5484,-42.2558],[-72.6311,-42.1998],[-72.7074,-42.2205],[-72.7732,-42.2577],[-72.7852,-42.3013],[-72.7163,-42.4104],[-72.6318,-42.5097],[-72.6548,-42.5166],[-72.7739,-42.5052],[-72.848,-42.6691],[-72.845,-42.808],[-72.766,-42.9082],[-72.7554,-42.993],[-72.758,-43.0395],[-72.878,-43.0481],[-72.9155,-43.1336],[-72.94,-43.2113],[-73.076,-43.3236],[-73.101,-43.4552],[-72.9966,-43.6315],[-73.0688,-43.862],[-73.2245,-43.8979],[-73.2407,-44.0657],[-73.2651,-44.1687],[-73.141,-44.2375],[-73.001,-44.2924],[-72.8275,-44.3954],[-72.6639,-44.4364],[-72.6801,-44.5939],[-72.739,-44.7342],[-73.0784,-44.9202],[-73.2564,-44.961],[-73.3625,-44.9782],[-73.4049,-45.1023],[-73.445,-45.2382],[-73.2264,-45.2552],[-73.0639,-45.3598],[-72.9755,-45.3926],[-72.9408,-45.4173],[-72.9338,-45.4523],[-72.9782,-45.4512],[-73.2023,-45.3538],[-73.2662,-45.3462],[-73.3786,-45.3828],[-73.5499,-45.4838],[-73.7308,-45.48],[-73.7804,-45.6279],[-73.7566,-45.7028],[-73.662,-45.7308],[-73.5943,-45.7769],[-73.5918,-45.8991],[-73.6294,-45.9865],[-73.6517,-46.1593],[-73.6682,-46.2121],[-73.6621,-46.2975],[-73.7162,-46.4152],[-73.7703,-46.4998],[-73.8454,-46.566],[-73.9437,-46.5716],[-73.9486,-46.5331],[-73.9348,-46.5007],[-73.8106,-46.3773],[-73.7082,-46.0703],[-73.7079,-45.9667],[-73.6949,-45.8596],[-73.7353,-45.8117],[-73.8125,-45.8182],[-73.8787,-45.8469],[-73.9292,-46.0499],[-73.9676,-46.1541],[-74.0897,-46.2224],[-74.2131,-46.2395],[-74.3725,-46.2463],[-74.393,-46.2174],[-74.3568,-46.2127],[-74.0815,-46.1318],[-74.0199,-46.0559],[-74.061,-45.9474],[-73.9995,-45.8953],[-73.9603,-45.8353],[-73.8823,-45.5693],[-73.8441,-45.5024],[-73.825,-45.4469],[-73.9203,-45.4077],[-73.9572,-45.4044],[-74.0375,-45.4177],[-74.0989,-45.4604],[-74.1227,-45.4962],[-74.0993,-45.6034],[-74.0825,-45.6447],[-74.0818,-45.6783],[-74.0962,-45.7168],[-74.1579,-45.7672],[-74.3012,-45.803],[-74.3691,-45.8097],[-74.4628,-45.8407],[-74.6307,-45.8447],[-74.7631,-45.8236],[-75.0667,-45.8749],[-75.0745,-46.0045],[-74.9977,-46.0977],[-74.9245,-46.1597],[-75.0749,-46.2346],[-75.247,-46.3693],[-75.376,-46.4291],[-75.4369,-46.483],[-75.6568,-46.6104],[-75.7064,-46.7053],[-75.7081,-46.775],[-75.6353,-46.8628],[-75.4966,-46.9401],[-75.4304,-46.9346],[-75.4012,-46.9057],[-75.3864,-46.8627],[-75.446,-46.7508],[-75.5276,-46.7464],[-75.5651,-46.7287],[-75.5403,-46.6987],[-75.4784,-46.6624],[-75.3374,-46.6471],[-75.1458,-46.6001],[-75.0187,-46.5105],[-74.9842,-46.5121],[-75.0525,-46.628],[-75.0314,-46.6953],[-75.006,-46.7411],[-74.8106,-46.7997],[-74.6908,-46.864],[-74.5123,-46.8852],[-74.4802,-46.8858],[-74.467,-46.8644],[-74.4894,-46.8346],[-74.4844,-46.795],[-74.4542,-46.7668],[-74.3136,-46.7882],[-74.2095,-46.8848],[-74.1519,-46.9744],[-74.2081,-47.0831],[-74.1584,-47.1825],[-74.2157,-47.2096],[-74.4033,-47.3275],[-74.4827,-47.4305],[-74.3237,-47.5314],[-74.2429,-47.5597],[-74.191,-47.5684],[-74.1341,-47.5908],[-74.152,-47.6267],[-74.243,-47.6793],[-74.3226,-47.6667],[-74.4036,-47.6004],[-74.4669,-47.5776],[-74.5338,-47.5677],[-74.5884,-47.618],[-74.6549,-47.7022],[-74.6089,-47.758],[-74.5692,-47.7729],[-74.4297,-47.7996],[-74.3762,-47.8297],[-74.3793,-47.8912],[-74.3506,-47.9443],[-74.2271,-47.9689],[-74.0848,-47.9547],[-73.9409,-47.9294],[-73.8467,-47.867],[-73.7792,-47.7385],[-73.7482,-47.6613],[-73.7159,-47.6555],[-73.6351,-47.8804],[-73.6289,-47.9415],[-73.6099,-47.9939],[-73.5696,-48.0193],[-73.501,-48.1066],[-73.3911,-48.1459],[-73.3845,-48.1773],[-73.5282,-48.1982],[-73.8538,-48.0422],[-74.2504,-48.0449],[-74.4005,-48.0131],[-74.5847,-47.999],[-74.5907,-48.1619],[-74.5772,-48.2744],[-74.4994,-48.3623],[-74.4744,-48.464],[-74.343,-48.4926],[-74.2701,-48.4546],[-74.1715,-48.4274],[-74.0091,-48.475],[-74.0569,-48.5036],[-74.1293,-48.5042],[-74.1762,-48.4941],[-74.2277,-48.517],[-74.341,-48.5957],[-74.3821,-48.7937],[-74.38,-49.0479],[-74.3582,-49.3514],[-74.3666,-49.4005],[-74.3485,-49.4263],[-74.3015,-49.464],[-74.2213,-49.5006],[-74.1846,-49.4044],[-74.1679,-49.3205],[-74.1398,-49.2505],[-74.0739,-49.1884],[-74.0613,-49.111],[-74.0277,-49.0262],[-73.935,-49.0209],[-73.9379,-49.0461],[-73.9848,-49.06],[-74.0154,-49.0909],[-74.0056,-49.158],[-74.0234,-49.2441],[-74.0492,-49.3057],[-74.0835,-49.3618],[-74.0944,-49.4297],[-73.988,-49.4909],[-73.8925,-49.5234],[-73.8364,-49.6094],[-73.8916,-49.6237],[-73.9555,-49.5931],[-74.102,-49.5554],[-74.2304,-49.5793],[-74.2908,-49.6041],[-74.3187,-49.7201],[-74.3239,-49.7834],[-74.1713,-49.9073],[-74.0733,-49.9485],[-74.0112,-49.9285],[-73.9586,-49.9947],[-74.0194,-50.0228],[-74.3337,-49.9746],[-74.4343,-50.0652],[-74.6296,-50.194],[-74.5164,-50.2656],[-74.4251,-50.3502],[-74.3741,-50.363],[-74.3056,-50.398],[-74.0311,-50.4698],[-73.9503,-50.5105],[-74.1856,-50.4854],[-74.1972,-50.6098],[-74.1641,-50.6379],[-74.0967,-50.7171],[-73.978,-50.8271],[-73.8915,-50.7827],[-73.7502,-50.5398],[-73.6799,-50.4902],[-73.6544,-50.4927],[-73.6933,-50.57],[-73.614,-50.6279],[-73.6182,-50.6512],[-73.659,-50.6507],[-73.7406,-50.6967],[-73.8246,-50.8358],[-73.8065,-50.9384],[-73.8475,-50.94],[-74.1394,-50.8178],[-74.1561,-50.7975],[-74.1902,-50.778],[-74.3314,-50.5596],[-74.3656,-50.4879],[-74.5641,-50.382],[-74.6445,-50.3609],[-74.7217,-50.4085],[-74.7759,-50.4699],[-74.7021,-50.5354],[-74.6489,-50.6185],[-74.6857,-50.662],[-74.8366,-50.6789],[-75.0947,-50.6812],[-75.0553,-50.7855],[-74.9831,-50.8811],[-74.8147,-51.0629],[-74.6901,-51.0865],[-74.5869,-51.1307],[-74.5079,-51.1496],[-74.4144,-51.1625],[-74.3323,-51.195],[-74.2105,-51.2046],[-74.1212,-51.1954],[-73.9395,-51.2663],[-73.8959,-51.3314],[-73.9298,-51.6179],[-74.0696,-51.5787],[-74.1967,-51.6806],[-74.1464,-51.7121],[-73.9732,-51.7845],[-73.8944,-51.7578],[-73.8576,-51.7899],[-73.8106,-51.8012],[-73.7526,-51.7955],[-73.6503,-51.8562],[-73.5823,-51.9604],[-73.5182,-52.041],[-73.3833,-52.07],[-73.1887,-51.9906],[-72.9284,-51.8599],[-72.6,-51.7991],[-72.5833,-51.7373],[-72.6491,-51.695],[-72.7046,-51.6779],[-72.7894,-51.6143],[-73.115,-51.5045],[-73.1634,-51.4956],[-73.197,-51.478],[-73.1687,-51.4539],[-73.1268,-51.4399],[-72.7612,-51.5732],[-72.5425,-51.7062],[-72.4896,-51.7637],[-72.4941,-51.8476],[-72.5229,-51.8909],[-72.6246,-51.9465],[-72.6248,-52.0069],[-72.6136,-52.037],[-72.5241,-52.1703],[-72.5193,-52.2171],[-72.5233,-52.2555],[-72.5329,-52.2823],[-72.5687,-52.334],[-72.6315,-52.3716],[-72.6771,-52.3847],[-72.714,-52.3567],[-72.6936,-52.3303],[-72.5834,-52.2542],[-72.5708,-52.2001],[-72.588,-52.1451],[-72.6496,-52.0999],[-72.6948,-52.0447],[-72.6955,-51.9852],[-72.7354,-51.9605],[-72.795,-51.9495],[-72.8432,-51.9611],[-72.9437,-52.0469],[-73.1374,-52.1297],[-73.2604,-52.1578],[-73.3268,-52.1659],[-73.458,-52.146],[-73.5322,-52.1531],[-73.649,-52.0777],[-73.6843,-52.0777],[-73.6854,-52.1367],[-73.7028,-52.1988],[-73.7491,-52.216],[-73.8345,-52.234],[-74.0402,-52.1592],[-74.1335,-52.1548],[-74.1949,-52.1202],[-74.2649,-52.1049],[-74.2957,-52.1179],[-74.266,-52.1713],[-74.2385,-52.2023],[-74.1766,-52.3172],[-74.1508,-52.3825],[-74.0935,-52.3763],[-74.0374,-52.4029],[-73.9999,-52.5126],[-74.0358,-52.5772],[-74.0145,-52.6394],[-73.9147,-52.6882],[-73.7108,-52.6615],[-73.5857,-52.6857],[-73.3821,-52.5951],[-73.2441,-52.624],[-73.1782,-52.5627],[-73.1838,-52.4879],[-73.1239,-52.488],[-73.0732,-52.5351],[-73.1448,-52.602],[-73.2408,-52.7071],[-73.3459,-52.7543],[-73.6452,-52.837],[-73.5075,-52.9035],[-73.4599,-52.9648],[-73.3382,-53.0547],[-73.1225,-53.0739],[-73.0555,-53.0456],[-73.023,-53.0221],[-73.0161,-52.9774],[-73.0203,-52.8918],[-72.9319,-52.7816],[-72.8019,-52.7124],[-72.766,-52.6426],[-72.7766,-52.5774],[-72.7121,-52.5355],[-72.6448,-52.5291],[-72.5044,-52.5601],[-72.4783,-52.604],[-72.4377,-52.6258],[-72.3154,-52.5386],[-72.2257,-52.521],[-71.8119,-52.537],[-71.6647,-52.5601],[-71.5113,-52.6054],[-71.5542,-52.6439],[-71.5912,-52.6607],[-71.7971,-52.6828],[-71.9793,-52.6461],[-72.1176,-52.65],[-72.4535,-52.8145],[-72.6266,-52.8176],[-72.6321,-52.7738],[-72.676,-52.749],[-72.7277,-52.7623],[-72.8319,-52.8195],[-72.8892,-52.8716],[-72.9099,-52.9365],[-72.9155,-53.122],[-72.9982,-53.1772],[-73.0527,-53.2435],[-72.9984,-53.2907],[-72.7268,-53.42],[-72.5489,-53.4607],[-72.5308,-53.3717],[-72.4926,-53.2906],[-72.4583,-53.2545],[-72.278,-53.1323],[-72.1291,-53.0644],[-71.898,-53.0018],[-71.3877,-52.7643],[-71.2271,-52.8106],[-71.1551,-52.8456],[-71.1633,-52.8881],[-71.1802,-52.9205],[-71.289,-53.0337],[-71.4003,-53.107],[-71.7405,-53.2326],[-71.7915,-53.4846],[-71.8917,-53.5235],[-71.9028,-53.4955],[-71.8673,-53.4584],[-71.8282,-53.3983],[-71.8527,-53.2857],[-71.9417,-53.2341],[-72.0812,-53.2496],[-72.2486,-53.2467],[-72.3061,-53.2537],[-72.4129,-53.3502],[-72.3982,-53.4178],[-72.3768,-53.4712],[-72.1744,-53.6323],[-72.1009,-53.6658],[-71.8719,-53.7227],[-71.6938,-53.8031],[-71.4439,-53.8409],[-71.2978,-53.8834],[-71.0828,-53.825],[-70.9958,-53.7793],[-70.9478,-53.5704],[-70.9851,-53.4483],[-70.9843,-53.3736],[-70.9521,-53.227],[-70.8212,-52.9631],[-70.8391,-52.8896],[-70.7951,-52.7687],[-70.6803,-52.7125],[-70.5629,-52.6734],[-70.391,-52.6608],[-69.9072,-52.5136],[-69.7633,-52.5056],[-69.6203,-52.4647],[-69.5606,-52.4216],[-69.4469,-52.2694],[-69.241,-52.2055],[-69.1338,-52.2114],[-69.0072,-52.2627],[-68.4434,-52.3566],[-68.3937,-52.307],[-68.4935,-52.1976],[-68.6908,-52.0131],[-68.9168,-51.7146],[-68.9653,-51.6771],[-69.0325,-51.6362],[-69.1801,-51.6623],[-69.313,-51.6011],[-69.4091,-51.6103],[-69.4654,-51.5845],[-69.3605,-51.5595],[-69.2181,-51.5612],[-69.0583,-51.5472],[-69.0353,-51.489],[-69.0296,-51.4465],[-69.0657,-51.3035],[-69.1435,-51.097],[-69.201,-50.9937],[-69.268,-51.0062],[-69.3518,-51.0458],[-69.3586,-51.0281],[-69.2352,-50.9506],[-69.155,-50.8645],[-69.1414,-50.7525],[-69.0902,-50.5831],[-69.0448,-50.4991],[-68.9395,-50.3823],[-68.7499,-50.2812],[-68.5894,-50.2252],[-68.4654,-50.1947],[-68.4219,-50.1579],[-68.4737,-50.0914],[-68.5326,-50.0361],[-68.5979,-50.0095],[-68.7527,-49.9877],[-68.9796,-50.003],[-68.913,-49.9687],[-68.6616,-49.9357],[-68.6385,-49.863],[-68.6727,-49.7935],[-68.6676,-49.7525],[-68.5693,-49.867],[-68.4879,-49.9779],[-68.4046,-50.0427],[-68.2572,-50.1046],[-68.1457,-50.0914],[-67.914,-49.9845],[-67.826,-49.9196],[-67.7835,-49.8589],[-67.662,-49.3422],[-67.6937,-49.304],[-67.6849,-49.2467],[-67.4663,-48.9518],[-67.2633,-48.8143],[-67.131,-48.6879],[-67.0331,-48.6277],[-66.7828,-48.5229],[-66.5963,-48.4195],[-66.3934,-48.3424],[-66.0172,-48.0843],[-65.9434,-48.0193],[-65.9122,-47.9768],[-65.8101,-47.9411],[-65.8637,-47.8532],[-65.9342,-47.8268],[-66.0974,-47.8532],[-66.1724,-47.8576],[-66.2252,-47.8268],[-66.0406,-47.7833],[-65.8863,-47.7016],[-65.8143,-47.6382],[-65.7754,-47.5684],[-65.7381,-47.3449],[-65.7691,-47.2567],[-65.8537,-47.1567],[-65.9985,-47.0937],[-66.6504,-47.0453],[-66.7769,-47.0059],[-67.3866,-46.5538],[-67.5064,-46.4428],[-67.5634,-46.3454],[-67.5861,-46.2695],[-67.6089,-46.1668],[-67.5996,-46.0525],[-67.5566,-45.9701],[-67.393,-45.7756],[-67.2576,-45.5772],[-66.9414,-45.2573],[-66.8825,-45.2276],[-66.5851,-45.1829],[-66.5334,-45.1578],[-66.4936,-45.1176],[-66.3478,-45.0336],[-66.1901,-44.9647],[-65.7577,-45.0071],[-65.6388,-45.0078],[-65.6057,-44.945],[-65.5991,-44.8756],[-65.6983,-44.7962],[-65.6476,-44.6614],[-65.3613,-44.4773],[-65.2898,-44.3607],[-65.2655,-44.2797],[-65.3084,-44.1582],[-65.2386,-44.0487],[-65.3047,-43.7875],[-65.2836,-43.63],[-65.2523,-43.5719],[-65.1897,-43.5221],[-64.9855,-43.2936],[-64.8399,-43.1889],[-64.7152,-43.1355],[-64.4322,-43.0592],[-64.3757,-43.0246],[-64.3191,-42.9689],[-64.3804,-42.9492],[-64.4416,-42.9507],[-64.6292,-42.909],[-65.0269,-42.7589],[-64.9707,-42.6663],[-64.812,-42.6332],[-64.6505,-42.5314],[-64.4878,-42.5135],[-64.3243,-42.5723],[-64.2479,-42.6461],[-64.2199,-42.7556],[-64.1307,-42.8614],[-64.0348,-42.8812],[-63.6925,-42.8053],[-63.6445,-42.7457],[-63.6173,-42.6958],[-63.5944,-42.5556],[-63.5959,-42.4065],[-63.6299,-42.2827],[-63.6848,-42.1887],[-63.7295,-42.1529],[-63.7956,-42.1139],[-63.8929,-42.1246],[-64.0833,-42.1828],[-64.2285,-42.2183],[-64.2529,-42.2508],[-64.0612,-42.2661],[-64.0622,-42.3534],[-64.1009,-42.3951],[-64.2646,-42.4217],[-64.4204,-42.4338],[-64.571,-42.416],[-64.5741,-42.356],[-64.5242,-42.2992],[-64.5117,-42.2702],[-64.5377,-42.2546],[-64.6225,-42.261],[-64.6995,-42.2208],[-64.898,-42.1618],[-64.9864,-42.1021],[-65.0591,-41.9699],[-65.007,-41.7451],[-65.0183,-41.5669],[-65.1279,-41.2388],[-65.155,-41.1057],[-65.1519,-40.947],[-65.1334,-40.8807],[-65.0694,-40.8053],[-64.9169,-40.7313],[-64.8695,-40.7358],[-64.8044,-40.7565],[-64.8199,-40.7933],[-64.853,-40.8138],[-64.6215,-40.8545],[-64.3834,-40.9225],[-64.1232,-41.0078],[-63.773,-41.15],[-63.6218,-41.1598],[-63.2128,-41.1524],[-62.959,-41.1097],[-62.798,-41.0472],[-62.395,-40.8908],[-62.3019,-40.8146],[-62.2463,-40.6746],[-62.3936,-40.4588],[-62.427,-40.356],[-62.4019,-40.1966],[-62.324,-39.9507],[-62.2869,-39.8953],[-62.254,-39.8805],[-62.1315,-39.8254],[-62.0828,-39.5684],[-62.0768,-39.4615],[-62.1306,-39.4315],[-62.1793,-39.3805],[-62.0537,-39.3738],[-62.1265,-39.3098],[-62.2091,-39.2618],[-62.2951,-39.2433],[-62.3381,-39.1506],[-62.3036,-38.9881],[-62.3745,-38.8529],[-62.3348,-38.8001],[-62.1893,-38.8133],[-62.0669,-38.9191],[-61.8479,-38.9618],[-61.6025,-38.9988],[-61.3829,-38.9809],[-61.1122,-38.993],[-60.904,-38.9739],[-59.8283,-38.8382],[-59.6763,-38.7967],[-59.0072,-38.6733],[-58.1792,-38.4358],[-57.6456,-38.1696],[-57.547,-38.0856],[-57.5073,-37.9093],[-57.3958,-37.7446],[-57.0877,-37.4464],[-56.7271,-36.9577],[-56.672,-36.8513],[-56.6683,-36.7353],[-56.6981,-36.4265],[-56.7174,-36.3891],[-56.7495,-36.3465],[-56.9372,-36.3525],[-57.0762,-36.2968],[-57.265,-36.1441],[-57.3354,-36.0268],[-57.3755,-35.9003],[-57.3539,-35.7203],[-57.1589,-35.506],[-57.1707,-35.3625],[-57.3037,-35.1885],[-57.5479,-35.0189],[-57.7636,-34.8945],[-58.2833,-34.6835],[-58.4189,-34.5316],[-58.4662,-34.4574],[-58.5255,-34.2962],[-58.4752,-34.263],[-58.4355,-34.2525],[-58.3925,-34.193],[-58.409,-34.0607],[-58.4295,-33.9909],[-58.4566,-33.8983],[-58.5306,-33.753],[-58.5472,-33.6635],[-58.4548,-33.2859],[-58.4245,-33.1115],[-58.376,-33.0719],[-58.3089,-33.0829],[-58.2504,-33.0783],[-58.2008,-33.0146],[-58.171,-32.9593],[-58.22,-32.564],[-58.2012,-32.4717],[-58.1622,-32.5665],[-58.1296,-32.7572],[-58.0823,-32.8937],[-58.0927,-32.9674],[-58.1536,-33.0646],[-58.2216,-33.1291],[-58.2922,-33.138],[-58.3635,-33.1823],[-58.3534,-33.2601],[-58.4113,-33.5089],[-58.4381,-33.7191],[-58.4002,-33.9124],[-58.207,-34.1091],[-57.9612,-34.3069],[-57.9021,-34.3901],[-57.8732,-34.4477],[-57.8291,-34.4773],[-57.5435,-34.448],[-57.1707,-34.4523],[-56.8552,-34.6767],[-56.4631,-34.7754],[-56.3878,-34.861],[-56.25,-34.9013],[-56.1946,-34.9064],[-56.1179,-34.9079],[-55.8629,-34.8109],[-55.6731,-34.7757],[-55.3706,-34.8076],[-55.2379,-34.8958],[-55.0951,-34.8951],[-54.9023,-34.9328],[-54.3653,-34.7327],[-54.2721,-34.6669],[-54.1686,-34.6707],[-54.0103,-34.517],[-53.7853,-34.3804],[-53.7429,-34.2495],[-53.5345,-34.0175],[-53.4725,-33.8493],[-53.4196,-33.7792],[-53.3706,-33.7422],[-52.9208,-33.402],[-52.7629,-33.2664],[-52.6522,-33.1378],[-52.5085,-32.8753],[-52.3416,-32.4397],[-52.2746,-32.3237],[-52.1902,-32.2208],[-52.1274,-32.1678],[-52.1671,-32.0885],[-52.1916,-31.9676],[-52.1936,-31.8855],[-52.1198,-31.6949],[-52.027,-31.599],[-51.9949,-31.4899],[-51.9725,-31.3838],[-51.9268,-31.3389],[-51.7169,-31.2437],[-51.5063,-31.1045],[-51.4637,-31.0526],[-51.4853,-30.9775],[-51.4591,-30.9128],[-51.3765,-30.8469],[-51.3591,-30.6745],[-51.3164,-30.7027],[-51.2831,-30.7516],[-51.2877,-30.5912],[-51.2466,-30.4676],[-51.1875,-30.4119],[-51.1573,-30.3643],[-51.2818,-30.2441],[-51.295,-30.141],[-51.298,-30.0349],[-51.2499,-30.06],[-51.2336,-30.1214],[-51.1793,-30.211],[-51.0404,-30.2606],[-51.025,-30.3687],[-50.9319,-30.3743],[-50.6462,-30.2368],[-50.5635,-30.2536],[-50.5465,-30.3169],[-50.5819,-30.4389],[-50.6148,-30.4568],[-50.6851,-30.4135],[-50.7163,-30.426],[-50.6893,-30.7042],[-50.7702,-30.8134],[-50.9408,-30.9037],[-50.9653,-31.0055],[-50.9544,-31.0521],[-50.9801,-31.0942],[-51.106,-31.0813],[-51.1614,-31.1188],[-51.1575,-31.2668],[-51.1743,-31.3397],[-51.2722,-31.477],[-51.4462,-31.5573],[-51.6807,-31.7746],[-51.8034,-31.7967],[-51.8412,-31.832],[-51.8932,-31.8678],[-51.9951,-31.815],[-52.0632,-31.8304],[-52.0596,-31.9135],[-52.0432,-31.9775],[-52.0689,-32.0631],[-52.0392,-32.1148],[-51.9202,-31.9896],[-51.7981,-31.9003],[-51.4604,-31.7024],[-51.1518,-31.4804],[-50.9214,-31.2584],[-50.7481,-31.0681],[-50.62,-30.8977],[-50.2995,-30.4258],[-50.0333,-29.801],[-49.746,-29.3632],[-49.4999,-29.0754],[-49.2713,-28.8712],[-49.0236,-28.6986],[-48.7997,-28.5753],[-48.7973,-28.4427],[-48.6932,-28.3102],[-48.6484,-28.2072],[-48.6208,-28.0756],[-48.6057,-27.8252],[-48.6426,-27.5579],[-48.572,-27.3728],[-48.5955,-27.2639],[-48.5541,-27.196],[-48.5684,-27.1234],[-48.5934,-27.058],[-48.6157,-26.8781],[-48.6777,-26.7029],[-48.6765,-26.6124],[-48.6582,-26.5191],[-48.6516,-26.4064],[-48.7007,-26.3483],[-48.7483,-26.2687],[-48.7138,-26.227],[-48.679,-26.2258],[-48.6194,-26.1794],[-48.5763,-25.9354],[-48.6128,-25.875],[-48.679,-25.8752],[-48.6658,-25.8443],[-48.5452,-25.8159],[-48.4012,-25.5974],[-48.4299,-25.5502],[-48.507,-25.5213],[-48.6922,-25.4915],[-48.7317,-25.3687],[-48.644,-25.4365],[-48.5642,-25.4475],[-48.4761,-25.443],[-48.4276,-25.4033],[-48.4585,-25.3107],[-48.4025,-25.2721],[-48.2735,-25.3063],[-48.1859,-25.3099],[-48.2424,-25.4033],[-48.2027,-25.4165],[-48.0244,-25.2367],[-47.9294,-25.1683],[-47.9083,-25.0682],[-47.9594,-25.0654],[-47.9892,-25.0357],[-47.9143,-24.9999],[-47.8766,-24.9975],[-47.8312,-24.9529],[-47.5922,-24.7811],[-47.1372,-24.4932],[-46.8673,-24.2363],[-46.6308,-24.1104],[-45.9721,-23.7955],[-45.8432,-23.7637],[-45.6646,-23.7648],[-45.5271,-23.8048],[-45.4643,-23.8025],[-45.4334,-23.7585],[-45.4233,-23.6854],[-45.3254,-23.5997],[-45.2154,-23.5756],[-44.9517,-23.3814],[-44.6672,-23.3352],[-44.6191,-23.3164],[-44.5697,-23.274],[-44.6211,-23.2285],[-44.6738,-23.2066],[-44.6812,-23.1069],[-44.6373,-23.0555],[-44.3679,-23.005],[-44.148,-23.011],[-44.0475,-22.9447],[-43.8662,-22.9105],[-43.7029,-22.9663],[-43.676,-23.0095],[-43.7914,-23.046],[-43.8988,-23.0353],[-43.9738,-23.0573],[-43.8988,-23.1015],[-43.7365,-23.0666],[-43.5328,-23.0464],[-43.3695,-22.998],[-43.2242,-22.9912],[-43.1936,-22.9386],[-43.2088,-22.8781],[-43.2366,-22.8288],[-43.2419,-22.7951],[-43.229,-22.7477],[-43.1543,-22.7252],[-43.0863,-22.7233],[-43.0654,-22.7707],[-43.1007,-22.8501],[-43.0812,-22.9025],[-43.0162,-22.9426],[-42.9583,-22.9671],[-42.8293,-22.9733],[-42.5811,-22.941],[-42.1225,-22.9408],[-42.0424,-22.9471],[-41.9875,-22.8451],[-41.9409,-22.7883],[-41.9861,-22.7358],[-41.9976,-22.6446],[-41.9804,-22.5807],[-41.7055,-22.3097],[-41.5829,-22.2437],[-41.1225,-22.0844],[-41.0003,-21.999],[-40.9878,-21.9203],[-41.0216,-21.6108],[-41.0231,-21.5969],[-41.0473,-21.5057],[-40.9545,-21.2379],[-40.8288,-21.0313],[-40.7893,-20.9061],[-40.7271,-20.8462],[-40.5966,-20.7838],[-40.3959,-20.5694],[-40.3186,-20.4258],[-40.2989,-20.2927],[-40.2027,-20.2061],[-40.1417,-19.9683],[-40.0014,-19.742],[-39.8447,-19.6491],[-39.7833,-19.5718],[-39.7314,-19.4539],[-39.6999,-19.2778],[-39.7419,-18.846],[-39.7398,-18.6398],[-39.6508,-18.2523],[-39.4868,-17.9901],[-39.4126,-17.92],[-39.2784,-17.8494],[-39.154,-17.7039],[-39.1706,-17.6421],[-39.2152,-17.3158],[-39.2029,-17.1781],[-39.164,-17.0436],[-39.125,-16.7636],[-39.0632,-16.5044],[-38.9608,-16.1865],[-38.8806,-15.8643],[-38.8853,-15.842],[-38.9432,-15.5644],[-38.9962,-15.2538],[-39.0134,-14.9356],[-39.0596,-14.6548],[-38.9423,-14.0307],[-38.9665,-14.0034],[-39.0085,-14.1012],[-39.0481,-14.0439],[-39.0349,-13.991],[-39.0411,-13.7581],[-39.0012,-13.6646],[-38.9886,-13.615],[-39.0091,-13.5814],[-39.0349,-13.5588],[-39.0894,-13.5882],[-39.0674,-13.4805],[-39.0309,-13.3651],[-38.9592,-13.273],[-38.8353,-13.1472],[-38.8332,-13.0329],[-38.7637,-12.9072],[-38.7836,-12.8444],[-38.8518,-12.7901],[-38.788,-12.7827],[-38.7439,-12.7485],[-38.691,-12.6239],[-38.654,-12.6446],[-38.5249,-12.7623],[-38.4989,-12.9566],[-38.4473,-12.9671],[-38.4018,-12.9662],[-38.2397,-12.8442],[-38.0192,-12.5913],[-37.9573,-12.4755],[-37.6887,-12.1],[-37.4693,-11.6536],[-37.4118,-11.4973],[-37.4385,-11.3937],[-37.3592,-11.2525],[-37.3218,-11.2151],[-37.3208,-11.2666],[-37.3316,-11.3099],[-37.3549,-11.3505],[-37.356,-11.4039],[-37.3151,-11.376],[-37.1812,-11.1875],[-37.1828,-11.0685],[-37.1255,-11.085],[-37.0934,-11.0548],[-36.9378,-10.8204],[-36.7683,-10.6717],[-36.6357,-10.5899],[-36.4116,-10.4899],[-36.3983,-10.4841],[-36.2235,-10.2251],[-36.055,-10.0758],[-35.8854,-9.8477],[-35.8478,-9.7725],[-35.8908,-9.687],[-35.8301,-9.719],[-35.764,-9.7025],[-35.5971,-9.5406],[-35.3409,-9.2307],[-35.1578,-8.9306],[-34.9666,-8.4076],[-34.8905,-8.0922],[-34.8347,-7.9715],[-34.8369,-7.8718],[-34.8786,-7.7475],[-34.873,-7.6921],[-34.8548,-7.6343],[-34.8608,-7.595],[-34.8578,-7.5333],[-34.8166,-7.3948],[-34.8055,-7.2884],[-34.8339,-7.0244],[-34.876,-7.0029],[-34.8799,-6.9082],[-34.9296,-6.7851],[-34.9882,-6.3937],[-35.0955,-6.1854],[-35.1417,-5.9172],[-35.2354,-5.5667],[-35.3926,-5.2509],[-35.4817,-5.166],[-35.5494,-5.1294],[-35.9799,-5.0544],[-36.1618,-5.0937],[-36.3867,-5.0843],[-36.5907,-5.0976],[-36.7474,-5.0507],[-36.8611,-4.9666],[-36.9549,-4.9367],[-37.1747,-4.9124],[-37.3015,-4.7131],[-37.6263,-4.5921],[-37.7957,-4.4043],[-38.0488,-4.2164],[-38.2719,-3.948],[-38.3619,-3.8765],[-38.4758,-3.7175],[-38.6862,-3.6537],[-38.896,-3.5018],[-39.0144,-3.3902],[-39.3527,-3.1974],[-39.5112,-3.1256],[-39.6094,-3.0562],[-39.7718,-2.9858],[-39.9647,-2.8615],[-40.2354,-2.8132],[-40.4746,-2.7956],[-40.8756,-2.8696],[-41.1945,-2.8861],[-41.3182,-2.9362],[-41.4799,-2.9165],[-41.6401,-2.8786],[-41.7219,-2.8089],[-41.8762,-2.7466],[-41.9999,-2.8061],[-42.2496,-2.792],[-42.5936,-2.661],[-42.6759,-2.5896],[-42.8323,-2.5296],[-42.9367,-2.465],[-43.2297,-2.386],[-43.3801,-2.3761],[-43.4346,-2.4137],[-43.4551,-2.5021],[-43.7286,-2.5182],[-43.8645,-2.5954],[-43.9329,-2.5835],[-44.0132,-2.6422],[-44.1927,-2.8096],[-44.2252,-2.755],[-44.1916,-2.6996],[-44.1126,-2.5985],[-44.1014,-2.5601],[-44.1056,-2.4935],[-44.1794,-2.4712],[-44.2286,-2.4713],[-44.3082,-2.5352],[-44.3812,-2.7384],[-44.4375,-2.9444],[-44.6227,-3.1379],[-44.723,-3.2048],[-44.7214,-3.1423],[-44.639,-2.7625],[-44.6108,-2.6769],[-44.589,-2.5734],[-44.562,-2.5242],[-44.5207,-2.4812],[-44.5201,-2.4055],[-44.3818,-2.3655],[-44.3913,-2.2696],[-44.4354,-2.1681],[-44.5204,-2.1903],[-44.579,-2.2305],[-44.6624,-2.3732],[-44.7006,-2.3204],[-44.7563,-2.2655],[-44.7075,-2.2411],[-44.6586,-2.2275],[-44.6173,-2.1521],[-44.58,-2.1139],[-44.5378,-2.0527],[-44.5468,-1.9463],[-44.5916,-1.8418],[-44.6513,-1.7458],[-44.7209,-1.7923],[-44.7785,-1.7988],[-44.7211,-1.7335],[-44.7898,-1.7248],[-44.8284,-1.6717],[-44.9198,-1.5889],[-45.0258,-1.5135],[-45.0764,-1.4664],[-45.1821,-1.507],[-45.2386,-1.6295],[-45.2821,-1.6966],[-45.3291,-1.7173],[-45.353,-1.5674],[-45.4586,-1.3562],[-45.5569,-1.3307],[-45.6448,-1.3479],[-45.7788,-1.2508],[-45.9723,-1.1874],[-46.0446,-1.103],[-46.1404,-1.1184],[-46.215,-1.0998],[-46.2191,-1.0312],[-46.3208,-1.0392],[-46.4217,-1.0301],[-46.5163,-0.9969],[-46.6172,-0.9706],[-46.6444,-0.9164],[-46.7699,-0.8365],[-46.8112,-0.7797],[-46.8937,-0.7799],[-46.9443,-0.7434],[-47.0246,-0.7502],[-47.1269,-0.7454],[-47.2005,-0.6805],[-47.2686,-0.6454],[-47.3981,-0.6267],[-47.4391,-0.6477],[-47.4604,-0.681],[-47.4329,-0.7219],[-47.4187,-0.7659],[-47.4707,-0.7485],[-47.5573,-0.6699],[-47.6511,-0.7187],[-47.6871,-0.7248],[-47.7315,-0.7104],[-47.7737,-0.6768],[-47.8077,-0.6635],[-47.8834,-0.6934],[-47.9609,-0.7696],[-48.0326,-0.7051],[-48.0688,-0.7137],[-48.1151,-0.7375],[-48.1285,-0.7952],[-48.2018,-0.8279],[-48.2665,-0.8951],[-48.3176,-0.9605],[-48.3065,-1.0398],[-48.4498,-1.1455],[-48.4086,-1.2292],[-48.4777,-1.3238],[-48.4681,-1.3938],[-48.4515,-1.4358],[-48.3498,-1.4821],[-48.4458,-1.5204],[-48.4629,-1.614],[-48.5296,-1.5675],[-48.6,-1.4888],[-48.71,-1.4877],[-48.9913,-1.8298],[-49.1548,-1.8785],[-49.211,-1.9165],[-49.4077,-2.3443],[-49.4575,-2.5046],[-49.5239,-2.5969],[-49.5759,-2.6314],[-49.6365,-2.6569],[-49.5993,-2.5839],[-49.5534,-2.5199],[-49.507,-2.2803],[-49.4602,-2.1915],[-49.3986,-1.9716],[-49.3137,-1.7317],[-49.5854,-1.8672],[-49.7195,-1.9264],[-49.903,-1.8706],[-49.9992,-1.8318],[-50.1166,-1.8575],[-50.1727,-1.8962],[-50.2604,-1.9229],[-50.4032,-2.0155],[-50.5856,-1.8499],[-50.6388,-1.8171],[-50.69,-1.7617],[-50.6753,-1.6947],[-50.679,-1.6438],[-50.7861,-1.4899],[-50.8187,-1.3763],[-50.8255,-1.3114],[-50.8446,-1.2263],[-50.8972,-1.1645],[-50.9179,-1.1152],[-50.8382,-1.0389],[-50.8423,-0.9996],[-50.8949,-0.9376],[-50.992,-0.9863],[-51.029,-1.0321],[-51.2023,-1.1365],[-51.2974,-1.2235],[-51.5312,-1.3541],[-51.6463,-1.3943],[-51.9476,-1.5867],[-52.1967,-1.6401],[-52.3103,-1.5596],[-52.6642,-1.5518],[-52.5534,-1.5141],[-52.2292,-1.3625],[-52.0205,-1.399],[-51.9808,-1.368],[-51.9345,-1.3203],[-51.9216,-1.1809],[-51.8191,-1.1178],[-51.7206,-1.0185],[-51.7215,-0.8555],[-51.7026,-0.7623],[-51.555,-0.5491],[-51.4963,-0.5095],[-51.4041,-0.3927],[-51.2996,-0.1788],[-51.2829,-0.0852],[-51.102,-0.0312],[-50.9671,0.1303],[-50.9102,0.161],[-50.8164,0.1726],[-50.7551,0.2226],[-50.5815,0.4205],[-50.463,0.6373],[-50.3433,0.751],[-50.2944,0.8357],[-50.071,1.0151],[-50.0472,1.052],[-49.9379,1.1214],[-49.8989,1.163],[-49.9062,1.269],[-49.8816,1.4199],[-49.9571,1.6599],[-50.0547,1.7307],[-50.1876,1.786],[-50.3043,1.7977],[-50.4589,1.8296],[-50.5344,1.9272],[-50.5759,1.9986],[-50.6087,2.1041],[-50.6589,2.131],[-50.7144,2.134],[-50.6766,2.1794],[-50.6788,2.2104],[-50.737,2.3768],[-50.7897,2.4778],[-50.8165,2.573],[-50.8272,2.6519],[-50.9941,3.0775],[-51.0524,3.2818],[-51.0763,3.6717],[-51.2199,4.0936],[-51.3271,4.2248],[-51.4615,4.3138],[-51.5471,4.3109],[-51.5578,4.2338],[-51.6525,4.0613],[-51.6581,4.0985],[-51.6533,4.1388],[-51.6658,4.2288],[-51.6986,4.2868],[-51.7856,4.5705],[-51.8275,4.6357],[-51.8803,4.6337],[-51.9196,4.5243],[-51.9277,4.4361],[-51.9548,4.3991],[-52.0029,4.3523],[-52.0017,4.3862],[-51.9793,4.4299],[-51.9619,4.5144],[-52.0123,4.646],[-52.0581,4.7174],[-52.22,4.8628],[-52.3246,4.7709],[-52.2889,4.8761],[-52.2905,4.9422],[-52.454,5.0213],[-52.765,5.2735],[-52.8993,5.425],[-53.2704,5.5433],[-53.4544,5.5635],[-53.8472,5.7822],[-53.9199,5.769],[-53.9896,5.676],[-54.0853,5.4118],[-54.156,5.359],[-54.0805,5.5022],[-54.0459,5.6089],[-54.0374,5.7205],[-54.0542,5.8079],[-54.1423,5.8563],[-54.3562,5.9099],[-54.8337,5.9883],[-55.1483,5.9935],[-55.3793,5.9526],[-55.6483,5.9859],[-55.8282,5.9617],[-55.9099,5.8926],[-55.8955,5.7955],[-55.8976,5.6993],[-55.9396,5.7955],[-56.2356,5.8854],[-56.466,5.9377],[-56.9698,5.9929],[-57.0566,5.9387],[-57.1046,5.8294],[-57.136,5.7372],[-57.1408,5.6438],[-57.1821,5.5289],[-57.1948,5.5484],[-57.2053,5.5646],[-57.1672,5.885],[-57.1902,6.0973],[-57.2275,6.1784],[-57.3437,6.2721],[-57.5401,6.3315],[-57.6076,6.4504],[-57.7929,6.5985],[-57.9826,6.7859],[-58.0718,6.8206],[-58.1729,6.8294],[-58.2984,6.8793],[-58.415,6.8512],[-58.5023,6.734],[-58.5695,6.6272],[-58.594,6.4515],[-58.6729,6.3908],[-58.6135,6.5025],[-58.6079,6.6973],[-58.5829,6.8437],[-58.4806,7.0381],[-58.4773,7.3258],[-58.5111,7.398],[-58.6266,7.5459],[-58.7011,7.6066],[-58.8116,7.7356],[-59.2002,8.0746],[-59.4769,8.254],[-59.6661,8.3626],[-59.7393,8.38],[-59.7399,8.3387],[-59.7567,8.3395],[-59.8365,8.3738],[-59.9806,8.5326],[-60.0175,8.5493],[-60.1675,8.617],[-60.3402,8.6288],[-60.4045,8.6103],[-60.4815,8.5473],[-60.801,8.5921],[-60.8652,8.5788],[-61.036,8.4931],[-61.1937,8.4876],[-61.304,8.4104],[-61.4426,8.5087],[-61.5269,8.5461],[-61.6187,8.5975],[-61.2473,8.6003],[-61.1759,8.7254],[-61.1224,8.8434],[-61.0988,8.9413],[-61.093,8.9658],[-61.0536,9.0353],[-61.0531,9.0951],[-61.0231,9.1546],[-60.971,9.2152],[-60.841,9.2637],[-60.7925,9.3607],[-60.8741,9.4533],[-61.0134,9.5564],[-61.2344,9.5976],[-61.3094,9.6331],[-61.5123,9.8475],[-61.5889,9.8945],[-61.6254,9.8165],[-61.7659,9.8138],[-61.7592,9.7544],[-61.7317,9.7025],[-61.7359,9.6312],[-61.7587,9.6765],[-61.8054,9.7055],[-61.8312,9.7331],[-61.8373,9.7821],[-61.9086,9.8699],[-62.0165,9.9547],[-62.0771,9.975],[-62.1196,9.9849],[-62.1553,9.9792],[-62.1475,9.9534],[-62.1703,9.8795],[-62.1534,9.8218],[-62.172,9.8267],[-62.1904,9.8422],[-62.2211,9.8826],[-62.2567,9.8189],[-62.2807,9.793],[-62.2998,9.7882],[-62.3204,9.7831],[-62.4009,9.9184],[-62.5151,10.1761],[-62.5503,10.2004],[-62.6005,10.2173],[-62.6079,10.1634],[-62.6005,10.1169],[-62.6512,10.0707],[-62.7406,10.0562],[-62.6947,10.1001],[-62.6616,10.1986],[-62.6858,10.2898],[-62.7063,10.3331],[-62.7812,10.3992],[-62.8129,10.3999],[-62.843,10.4179],[-62.843,10.5072],[-62.9136,10.5315],[-62.6936,10.563],[-62.38,10.5469],[-62.2329,10.634],[-62.0404,10.6454],[-61.9214,10.6814],[-61.8795,10.741],[-62.2423,10.6996],[-62.7023,10.7498],[-62.9467,10.7071],[-63.0355,10.7201],[-63.1899,10.7092],[-63.4968,10.6433],[-63.8734,10.6638],[-64.202,10.6327],[-64.2982,10.6352],[-64.2475,10.5426],[-64.1579,10.5792],[-63.8627,10.5582],[-63.7319,10.5034],[-63.7791,10.4719],[-63.8337,10.4485],[-64.1883,10.4578],[-64.8505,10.0981],[-64.944,10.095],[-65.0233,10.0767],[-65.1291,10.0701],[-65.3174,10.1224],[-65.4894,10.1594],[-65.6559,10.2285],[-65.8518,10.2578],[-66.0905,10.4729],[-66.0921,10.5171],[-66.1059,10.5746],[-66.2472,10.6322],[-66.9891,10.6106],[-67.1333,10.5704],[-67.5813,10.5237],[-67.8716,10.4721],[-68.1399,10.4927],[-68.2341,10.5691],[-68.2963,10.6894],[-68.3247,10.8087],[-68.2721,10.88],[-68.3248,10.9493],[-68.3432,11.0528],[-68.3986,11.161],[-68.6162,11.3094],[-68.828,11.4317],[-69.0546,11.461],[-69.2326,11.5185],[-69.5257,11.4995],[-69.5698,11.4854],[-69.6316,11.4799],[-69.7119,11.5642],[-69.7624,11.676],[-69.8105,11.8369],[-69.8306,11.9956],[-69.8601,12.0542],[-69.9144,12.1146],[-70.004,12.1779],[-70.122,12.1366],[-70.2028,12.0984],[-70.2451,12.0035],[-70.2865,11.886],[-70.22,11.7301],[-70.2201,11.6809],[-70.1926,11.6246],[-69.9109,11.6721],[-69.8173,11.6721],[-69.7729,11.5413],[-69.8048,11.4742],[-69.8854,11.4443],[-70.0485,11.5303],[-70.0971,11.5198],[-70.16,11.4281],[-70.2325,11.373],[-70.5456,11.2614],[-70.8205,11.2084],[-71.2644,10.9995],[-71.4695,10.9642],[-71.4611,10.8356],[-71.5446,10.7787],[-71.5179,10.6218],[-71.4942,10.5332],[-71.4628,10.4692],[-71.3866,10.2638],[-71.2622,10.1436],[-71.2072,10.0146],[-71.0817,9.8332],[-71.0527,9.7058],[-71.0784,9.5108],[-71.0858,9.3482],[-71.2054,9.2225],[-71.2414,9.1604],[-71.2979,9.1256],[-71.5366,9.0483],[-71.6195,9.0479],[-71.6867,9.0725],[-71.7401,9.1339],[-71.7813,9.25],[-71.7607,9.3357],[-71.8057,9.3864],[-71.873,9.4276],[-71.9763,9.5532],[-71.9933,9.6415],[-72.1128,9.8156],[-71.9557,10.1081],[-71.8848,10.1672],[-71.7935,10.316],[-71.6648,10.4438],[-71.5943,10.6574],[-71.5984,10.7262],[-71.6904,10.8355],[-71.7309,10.9947],[-71.6757,10.9967],[-71.6416,11.0135],[-71.7915,11.1351],[-71.8351,11.1903],[-71.947,11.4145],[-71.9572,11.4828],[-71.9569,11.5699],[-71.9075,11.608],[-71.8687,11.6273],[-71.4884,11.7188],[-71.4146,11.7552],[-71.3494,11.8149],[-71.3197,11.8619],[-71.2842,11.9183],[-71.1373,12.0463],[-71.155,12.1642],[-71.2621,12.3353],[-71.494,12.4323],[-71.5975,12.4344],[-71.7146,12.42],[-71.9191,12.3091],[-71.9312,12.2695],[-71.9701,12.2383],[-72.0551,12.2384],[-72.1357,12.1886],[-72.1652,12.0602],[-72.275,11.8893],[-72.4471,11.8017],[-72.7218,11.7122],[-73.3134,11.2958],[-73.6769,11.2715],[-73.7957,11.2757],[-73.9096,11.3089],[-74.0591,11.3406],[-74.1429,11.3209],[-74.2002,11.2657],[-74.2191,11.1053],[-74.3,10.9522],[-74.3502,10.8137],[-74.4009,10.7652],[-74.4603,10.7871],[-74.5163,10.8625],[-74.4923,10.9345],[-74.4096,10.9672],[-74.3524,10.9747],[-74.3302,10.9967],[-74.4542,10.9891],[-74.8446,11.1097],[-74.9216,11.0576],[-75.123,10.8704],[-75.2479,10.7833],[-75.2806,10.7272],[-75.446,10.6109],[-75.4928,10.5276],[-75.5537,10.3277],[-75.6709,10.1963],[-75.7083,10.1434],[-75.6422,10.1722],[-75.5584,10.2364],[-75.5386,10.2052],[-75.5959,10.1258],[-75.5927,9.9927],[-75.6371,9.8343],[-75.68,9.7298],[-75.6354,9.6578],[-75.6036,9.5385],[-75.6394,9.4504],[-75.7556,9.4156],[-75.905,9.4309],[-76.0272,9.3658],[-76.1355,9.2656],[-76.2769,8.9891],[-76.6894,8.6947],[-76.8022,8.6407],[-76.888,8.6199],[-76.9205,8.5737],[-76.8722,8.5127],[-76.8186,8.4647],[-76.7721,8.3105],[-76.7423,8.0021],[-76.7866,7.9316],[-76.8669,7.918],[-76.8966,7.9395],[-76.9247,7.9732],[-76.9122,8.0334],[-76.8691,8.0627],[-76.8519,8.0905],[-76.891,8.128],[-76.9358,8.1468],[-76.9923,8.2503],[-77.1301,8.4006],[-77.2616,8.4937],[-77.3441,8.6367],[-77.3742,8.6583],[-77.6972,8.8895],[-77.8308,9.0681],[-78.0828,9.2363],[-78.5043,9.4063],[-78.6969,9.4348],[-78.9316,9.4285],[-78.975,9.453],[-79.0167,9.5104],[-79.1123,9.5368],[-79.2116,9.5319],[-79.3555,9.5692],[-79.5773,9.5979],[-79.6522,9.5582],[-79.7231,9.4793],[-79.8551,9.3781],[-79.9151,9.3613],[-79.978,9.3437],[-80.1271,9.2099],[-80.5469,9.0819],[-80.6765,9.0219],[-80.8387,8.8872],[-81.0631,8.8126],[-81.2038,8.7867],[-81.3548,8.7806],[-81.5456,8.827],[-81.7122,9.0189],[-81.8026,9.0741],[-81.8424,9.1187],[-81.8945,9.1404],[-81.9001,9.111],[-81.8315,9.0456],[-81.7802,8.9572],[-81.8264,8.9441],[-81.8941,8.9561],[-82.0779,8.9349],[-82.1333,8.9801],[-82.2442,9.0315],[-82.2354,9.1417],[-82.2007,9.1681],[-82.1881,9.1917],[-82.2049,9.2154],[-82.2725,9.1906],[-82.3397,9.2092],[-82.3754,9.3373],[-82.3632,9.3819],[-82.3708,9.4286],[-82.5003,9.5232],[-82.5636,9.5767],[-82.6102,9.616],[-82.7784,9.6695],[-82.8103,9.7346],[-82.8663,9.7709],[-83.0285,9.9913],[-83.1246,10.0416],[-83.3468,10.3154],[-83.4482,10.4659],[-83.5753,10.7347],[-83.5882,10.815],[-83.6173,10.8775],[-83.642,10.9172],[-83.7141,10.9338],[-83.7679,11.0103],[-83.8318,11.1305],[-83.8679,11.3],[-83.8591,11.3537],[-83.8294,11.4282],[-83.7766,11.504],[-83.745,11.5665],[-83.6518,11.642],[-83.6643,11.7239],[-83.7046,11.8246],[-83.7534,11.8213],[-83.793,11.8362],[-83.8289,11.861],[-83.8132,11.8964],[-83.7693,11.9316],[-83.7733,11.9774],[-83.7672,12.0593],[-83.7156,12.0574],[-83.6977,12.03],[-83.6804,12.0243],[-83.6692,12.2275],[-83.6513,12.2871],[-83.6673,12.3371],[-83.7162,12.4067],[-83.7542,12.502],[-83.7184,12.5526],[-83.6816,12.5681],[-83.6253,12.6129],[-83.5934,12.7131],[-83.5781,12.6671],[-83.5912,12.5793],[-83.6237,12.5146],[-83.6272,12.4593],[-83.5959,12.3965],[-83.5652,12.3934],[-83.5109,12.4118],[-83.518,12.5141],[-83.5412,12.5963],[-83.5145,12.9439],[-83.5673,13.3203],[-83.4937,13.7388],[-83.4123,13.9965],[-83.3466,14.057],[-83.2808,14.1536],[-83.2117,14.2671],[-83.1877,14.3401],[-83.2992,14.749],[-83.3407,14.7653],[-83.3749,14.7661],[-83.4137,14.8253],[-83.389,14.8707],[-83.3444,14.9021],[-83.3063,14.8905],[-83.302,14.8021],[-83.2799,14.8128],[-83.2159,14.9324],[-83.1854,14.9564],[-83.1575,14.9931],[-83.2256,15.0423],[-83.2909,15.0789],[-83.3692,15.24],[-83.6464,15.3684],[-83.6761,15.3654],[-83.5511,15.294],[-83.4979,15.2221],[-83.5359,15.2194],[-83.5896,15.2658],[-83.6722,15.2607],[-83.7159,15.2192],[-83.7604,15.2204],[-83.8017,15.2893],[-83.8707,15.3527],[-83.9274,15.394],[-84.0132,15.4144],[-84.0479,15.3976],[-84.0951,15.4009],[-84.1052,15.4301],[-84.1113,15.4924],[-84.0828,15.5109],[-83.9728,15.5196],[-83.7653,15.4055],[-83.7755,15.4369],[-84.2614,15.8226],[-84.5196,15.8728],[-84.4904,15.8473],[-84.426,15.8295],[-84.44,15.8126],[-84.4923,15.7939],[-84.5597,15.802],[-84.6461,15.8836],[-84.9737,15.9899],[-85.0482,15.974],[-85.1637,15.9182],[-85.4837,15.8995],[-85.784,16.0028],[-85.9856,16.0242],[-85.9539,16.0022],[-85.9363,15.9534],[-86.0686,15.9057],[-86.1812,15.8852],[-86.3566,15.7832],[-86.4808,15.8011],[-86.757,15.7942],[-86.9072,15.7624],[-87.2859,15.8344],[-87.3775,15.8265],[-87.4869,15.7902],[-87.545,15.8324],[-87.6182,15.9099],[-87.7019,15.9106],[-87.875,15.8793],[-87.907,15.8626],[-88.0104,15.7862],[-88.0546,15.7648],[-88.1311,15.701],[-88.2283,15.729],[-88.5939,15.9503],[-88.598,15.9273],[-88.5716,15.9011],[-88.5362,15.8496],[-88.6034,15.7642],[-88.7086,15.8065],[-88.7983,15.8625],[-88.84,15.869],[-88.894,15.8906],[-88.9117,15.956],[-88.8791,16.0166],[-88.6952,16.2477],[-88.5623,16.2904],[-88.4611,16.4338],[-88.4045,16.4886],[-88.3134,16.6328],[-88.2618,16.963],[-88.294,17.1921],[-88.2888,17.3127],[-88.2672,17.3926],[-88.2035,17.5166],[-88.2717,17.6099],[-88.2214,17.7514],[-88.2075,17.8461],[-88.0972,18.1216],[-88.0853,18.2261],[-88.1303,18.3507],[-88.2473,18.3547],[-88.2957,18.3441],[-88.3493,18.3588],[-88.2957,18.4724],[-88.2757,18.5146],[-88.1953,18.6426],[-88.1968,18.7197],[-88.1268,18.773],[-88.0738,18.8345],[-88.0317,18.8389],[-88.0111,18.7269],[-88.0564,18.5245],[-88.0391,18.4839],[-87.9597,18.4409],[-87.882,18.2739],[-87.8532,18.269],[-87.8041,18.3571],[-87.7618,18.4461],[-87.7335,18.655],[-87.653,18.7985],[-87.5936,19.0464],[-87.5011,19.2878],[-87.5095,19.3175],[-87.5508,19.3209],[-87.6221,19.2505],[-87.6558,19.2579],[-87.6587,19.3523],[-87.6275,19.3827],[-87.567,19.4157],[-87.5129,19.4256],[-87.4827,19.4438],[-87.4347,19.5017],[-87.4248,19.5834],[-87.4694,19.5865],[-87.5117,19.5747],[-87.5873,19.573],[-87.6453,19.5539],[-87.6901,19.5937],[-87.6877,19.6371],[-87.5858,19.7795],[-87.5069,19.8275],[-87.4662,19.8242],[-87.4417,19.8615],[-87.4319,19.8985],[-87.4658,19.9985],[-87.4672,20.1021],[-87.4214,20.2314],[-87.2212,20.5073],[-87.0596,20.6313],[-86.9262,20.7865],[-86.8647,20.8851],[-86.8155,21.0052],[-86.7718,21.1505],[-86.8039,21.2],[-86.8171,21.2342],[-86.8241,21.4217],[-86.9117,21.4628],[-87.0348,21.5922],[-87.1285,21.6215],[-87.2165,21.5824],[-87.2757,21.5716],[-87.3685,21.5737],[-87.3867,21.5515],[-87.2958,21.525],[-87.2495,21.5266],[-87.2106,21.5439],[-87.1883,21.5464],[-87.1643,21.5142],[-87.1876,21.4773],[-87.2179,21.458],[-87.2509,21.447],[-87.4805,21.4725],[-87.6888,21.5358],[-87.7737,21.5495],[-88.0068,21.6041],[-88.1316,21.6159],[-88.1714,21.6035],[-88.1717,21.5915],[-88.1848,21.579],[-88.251,21.5669],[-88.4667,21.5694],[-88.5849,21.5387],[-88.7467,21.4481],[-88.8787,21.4141],[-89.8198,21.2746],[-89.8876,21.2526],[-90.1829,21.1209],[-90.3531,21.0094],[-90.4352,20.7575],[-90.4584,20.7137],[-90.4841,20.5563],[-90.4783,20.38],[-90.4864,20.224],[-90.4824,20.0257],[-90.4917,19.9468],[-90.5071,19.9119],[-90.6501,19.7959],[-90.6932,19.7299],[-90.7393,19.3522],[-90.955,19.1517],[-91.0589,19.0982],[-91.1359,19.0375],[-91.4367,18.8898],[-91.4579,18.8646],[-91.4692,18.833],[-91.4456,18.8328],[-91.3431,18.9006],[-91.3342,18.8768],[-91.3678,18.8061],[-91.3563,18.7766],[-91.3083,18.7733],[-91.2788,18.7207],[-91.2752,18.6245],[-91.4405,18.5418],[-91.534,18.4565],[-91.5997,18.4472],[-91.803,18.4706],[-91.9136,18.5285],[-91.9427,18.5634],[-91.8805,18.5997],[-91.8804,18.6378],[-91.9738,18.7159],[-92.1032,18.7044],[-92.2132,18.6849],[-92.441,18.6753],[-92.4853,18.6648],[-92.7101,18.6117],[-92.729,18.5745],[-92.7691,18.5241],[-92.8848,18.4687],[-93.1273,18.4234],[-93.2279,18.4438],[-93.5523,18.4305],[-93.7644,18.3579],[-93.8731,18.3044],[-94.189,18.1953],[-94.3923,18.166],[-94.4598,18.1667],[-94.5462,18.1749],[-94.6816,18.3485],[-94.7981,18.5146],[-95.0147,18.5706],[-95.1818,18.7007],[-95.5614,18.7191],[-95.6971,18.7749],[-95.7198,18.7684],[-95.6549,18.7237],[-95.5783,18.6904],[-95.6268,18.6906],[-95.8211,18.7546],[-95.9204,18.8196],[-95.9282,18.8501],[-95.8104,18.8039],[-95.7781,18.8055],[-95.913,18.8972],[-95.9847,19.0538],[-96.0734,19.1057],[-96.124,19.1991],[-96.2896,19.3438],[-96.3153,19.4729],[-96.3684,19.5672],[-96.4561,19.8698],[-96.7087,20.1883],[-97.1214,20.615],[-97.1863,20.717],[-97.195,20.8001],[-97.3571,21.104],[-97.5006,21.398],[-97.5011,21.432],[-97.5146,21.478],[-97.5666,21.5077],[-97.5976,21.5359],[-97.6375,21.6037],[-97.7538,22.0267],[-97.5904,21.762],[-97.4566,21.6124],[-97.3834,21.5667],[-97.3848,21.5238],[-97.4244,21.4653],[-97.4341,21.3565],[-97.4092,21.2726],[-97.3875,21.3739],[-97.3369,21.4379],[-97.3145,21.5642],[-97.3602,21.6149],[-97.4845,21.7048],[-97.5848,21.8085],[-97.7633,22.1059],[-97.7824,22.2793],[-97.8425,22.5103],[-97.8416,22.5571],[-97.8578,22.6245],[-97.8167,22.7763],[-97.7583,22.886],[-97.7452,22.9424],[-97.7659,23.3062],[-97.7274,23.7322],[-97.7427,23.7606],[-97.7286,23.7879],[-97.717,23.9806],[-97.6677,24.39],[-97.5071,25.0146],[-97.4241,25.2331],[-97.2249,25.5854],[-97.1645,25.7549],[-97.1462,25.9615],[-97.1402,26.0297],[-97.1504,26.0653],[-97.2139,26.0679],[-97.4023,26.3965],[-97.4351,26.4858],[-97.4658,26.6917],[-97.4938,26.7596],[-97.5265,26.9075],[-97.5547,26.9673],[-97.5165,27.0532],[-97.4757,27.1179],[-97.4745,27.1729],[-97.4851,27.2374],[-97.6924,27.2872],[-97.7685,27.4575],[-97.6821,27.3949],[-97.5239,27.314],[-97.4798,27.3166],[-97.4391,27.3283],[-97.3805,27.4193],[-97.2887,27.6706],[-97.4315,27.8372],[-97.4044,27.8593],[-97.3741,27.87],[-97.2516,27.8544],[-97.1714,27.8796],[-97.0731,27.9861],[-97.0343,28.0938],[-97.1413,28.0607],[-97.1551,28.1026],[-97.1565,28.1443],[-97.096,28.1583],[-97.0155,28.1635],[-96.9666,28.1896],[-96.9333,28.2243],[-96.9199,28.1854],[-96.8916,28.1576],[-96.8395,28.1944],[-96.8069,28.2202],[-96.7946,28.3209],[-96.7735,28.4216],[-96.6764,28.3413],[-96.5617,28.3671],[-96.4888,28.4061],[-96.4211,28.4573],[-96.4755,28.4792],[-96.5247,28.4887],[-96.64,28.7088],[-96.6085,28.7233],[-96.5757,28.7157],[-96.5597,28.6845],[-96.526,28.6483],[-96.4487,28.5945],[-96.3741,28.6311],[-96.3734,28.657],[-96.2753,28.6551],[-96.115,28.6222],[-96.011,28.6319],[-96.1323,28.5609],[-96.2345,28.489],[-96.1805,28.5019],[-96.0204,28.5868],[-95.8534,28.6403],[-95.7324,28.7117],[-95.6559,28.7446],[-95.3876,28.8984],[-95.2735,28.9639],[-95.1521,29.0792],[-95.1391,29.1678],[-95.0183,29.2595],[-94.8883,29.3706],[-94.9359,29.4604],[-94.9928,29.531],[-95.0229,29.7023],[-94.9823,29.7126],[-94.9299,29.6802],[-94.8899,29.677],[-94.8323,29.7526],[-94.7419,29.75],[-94.7244,29.6553],[-94.7783,29.5479],[-94.7326,29.5354],[-94.6053,29.5678],[-94.5263,29.5479],[-94.7501,29.418],[-94.7596,29.3843],[-94.5745,29.4845],[-94.0997,29.6704],[-93.8905,29.6894],[-93.8864,29.7227],[-93.9463,29.815],[-93.8415,29.9797],[-93.794,29.9772],[-93.769,29.9523],[-93.7731,29.9141],[-93.8088,29.8508],[-93.8483,29.8188],[-93.8839,29.81],[-93.8657,29.7556],[-93.8265,29.7251],[-93.7659,29.7527],[-93.6948,29.7699],[-93.3885,29.7766],[-93.2832,29.7894],[-93.1757,29.779],[-92.9524,29.7142],[-92.7913,29.6347],[-92.6713,29.5971],[-92.2608,29.5568],[-92.084,29.5928],[-92.0589,29.6172],[-92.114,29.6677],[-92.1355,29.6995],[-92.0802,29.7607],[-92.0173,29.8003],[-91.8932,29.836],[-91.8244,29.7507],[-91.6725,29.7461],[-91.5648,29.6053],[-91.5142,29.5554],[-91.331,29.5136],[-91.2777,29.5629],[-91.2488,29.5642],[-91.2603,29.5055],[-91.244,29.4573],[-91.1554,29.3507],[-91.1508,29.3179],[-91.2375,29.331],[-91.2827,29.3208],[-91.2901,29.289],[-91.0027,29.1935],[-90.751,29.1309],[-90.6775,29.1506],[-90.5862,29.2715],[-90.5025,29.2998],[-90.3792,29.2951],[-90.3016,29.2558],[-90.2467,29.131],[-90.2128,29.1049],[-90.1358,29.1361],[-90.1014,29.1818],[-90.0827,29.2397],[-90.0737,29.2968],[-90.0528,29.3368],[-90.0523,29.4314],[-90.1008,29.4633],[-90.1413,29.4797],[-90.1608,29.5044],[-90.1591,29.5372],[-89.8772,29.458],[-89.8183,29.4161],[-89.7974,29.3806],[-89.7924,29.3332],[-89.717,29.3129],[-89.6725,29.3165],[-89.6203,29.3024],[-89.5771,29.2675],[-89.5218,29.2493],[-89.4432,29.1941],[-89.3892,29.105],[-89.3535,29.0702],[-89.3761,28.9813],[-89.3306,28.9987],[-89.2361,29.0811],[-89.1953,29.054],[-89.1555,29.0166],[-89.1333,29.0461],[-89.1095,29.0987],[-89.0214,29.1427],[-89.0157,29.2029],[-89.0653,29.2182],[-89.1168,29.2482],[-89.1808,29.3357],[-89.2457,29.3332],[-89.5137,29.4201],[-89.5803,29.486],[-89.6748,29.5387],[-89.7209,29.6193],[-89.6892,29.646],[-89.683,29.6749],[-89.6621,29.6837],[-89.6207,29.6741],[-89.5593,29.698],[-89.5909,29.7253],[-89.5307,29.7722],[-89.4554,29.7844],[-89.3544,29.8202],[-89.3628,29.8398],[-89.3579,29.921],[-89.4009,29.9777],[-89.4141,30.0109],[-89.4007,30.046],[-89.4944,30.0582],[-89.5634,30.0021],[-89.5895,29.915],[-89.6317,29.9038],[-89.7438,29.9298],[-89.8152,30.0073],[-89.7772,30.0457],[-89.7147,30.0783],[-89.665,30.117],[-89.6675,30.1445],[-89.7375,30.172],[-89.7731,30.1372],[-89.8123,30.1237],[-89.894,30.1259],[-89.9942,30.0593],[-90.1753,30.0291],[-90.285,30.0651],[-90.413,30.1403],[-90.332,30.2776],[-90.2253,30.3793],[-90.126,30.3691],[-90.0452,30.3514],[-89.9542,30.2688],[-89.5885,30.166],[-89.5208,30.1926],[-89.4435,30.2231],[-89.3206,30.3453],[-89.2636,30.3437],[-89.2236,30.3324],[-89.0541,30.3683],[-88.9052,30.4151],[-88.8729,30.4163],[-88.8199,30.4065],[-88.6921,30.3554],[-88.3996,30.3708],[-88.3499,30.3735],[-88.2492,30.3632],[-88.1354,30.3666],[-88.1166,30.4153],[-88.0784,30.5662],[-88.0324,30.6813],[-88.0113,30.6942],[-87.9489,30.6269],[-87.923,30.5615],[-87.9243,30.4497],[-87.8976,30.4142],[-87.8571,30.4074],[-87.8133,30.3469],[-87.7903,30.2918],[-87.904,30.2591],[-87.985,30.2544],[-88.006,30.2309],[-87.6223,30.2647],[-87.5133,30.3681],[-87.4895,30.3777],[-87.4483,30.3941],[-87.4437,30.3638],[-87.5007,30.3093],[-87.4758,30.2943],[-87.2811,30.3393],[-87.2511,30.3967],[-87.1847,30.4537],[-87.1706,30.5388],[-87.1188,30.539],[-87.072,30.5004],[-87.0339,30.5539],[-86.9976,30.5703],[-86.9651,30.5019],[-86.9858,30.4309],[-87.1238,30.3967],[-87.1637,30.3742],[-87.2012,30.3393],[-86.9676,30.3724],[-86.6796,30.4029],[-86.6061,30.4247],[-86.5234,30.4671],[-86.4479,30.4956],[-86.3742,30.4821],[-86.2574,30.493],[-86.1657,30.4643],[-86.1377,30.4416],[-86.1238,30.4058],[-86.2401,30.4291],[-86.4544,30.3991],[-86.1751,30.3325],[-85.8557,30.2144],[-85.7908,30.172],[-85.7558,30.167],[-85.743,30.2013],[-85.7408,30.2444],[-85.6759,30.2793],[-85.6035,30.2868],[-85.641,30.2369],[-85.6634,30.1895],[-85.6103,30.1484],[-85.6235,30.1171],[-85.6758,30.1219],[-85.5043,29.9758],[-85.3536,29.8757],[-85.3068,29.7979],[-85.3149,29.7581],[-85.3364,29.7401],[-85.3834,29.7851],[-85.4138,29.8425],[-85.4138,29.7676],[-85.3764,29.6952],[-85.3189,29.6802],[-85.186,29.7079],[-85.0293,29.7211],[-84.9692,29.7453],[-84.8889,29.7776],[-84.8005,29.773],[-84.55,29.8979],[-84.4541,29.9102],[-84.3828,29.9074],[-84.3587,29.9294],[-84.3753,29.9823],[-84.3556,30.029],[-84.3097,30.0647],[-84.0442,30.1038],[-83.6944,29.926],[-83.2905,29.4519],[-82.7693,29.0516],[-82.6515,28.8875],[-82.644,28.812],[-82.6506,28.7699],[-82.6606,28.4858],[-82.7485,28.2368],[-82.8435,27.846],[-82.8076,27.7766],[-82.7753,27.7344],[-82.7429,27.7094],[-82.7153,27.7331],[-82.6609,27.7184],[-82.626,27.746],[-82.611,27.7772],[-82.5966,27.8732],[-82.6338,27.8978],[-82.6752,27.9638],[-82.6359,27.9812],[-82.5796,27.9584],[-82.5206,27.8779],[-82.4981,27.8679],[-82.4457,27.9028],[-82.4058,27.8629],[-82.4005,27.8354],[-82.4305,27.7711],[-82.5208,27.6783],[-82.6358,27.5246],[-82.6867,27.5153],[-82.7146,27.4996],[-82.6554,27.4492],[-82.6205,27.4011],[-82.4414,27.0597],[-82.3541,26.9357],[-82.29,26.8708],[-82.2429,26.8489],[-82.1807,26.8401],[-82.1686,26.8744],[-82.1811,26.9368],[-82.0957,26.9634],[-82.0133,26.9616],[-82.0669,26.8916],[-82.0779,26.7043],[-82.0396,26.5521],[-82.0064,26.5398],[-81.9702,26.5521],[-81.9206,26.6314],[-81.8815,26.6647],[-81.8287,26.6871],[-81.8955,26.5972],[-81.9589,26.4899],[-81.9315,26.4675],[-81.8666,26.435],[-81.8115,26.1461],[-81.7155,25.9832],[-81.5683,25.8916],[-81.3649,25.8311],[-81.3451,25.7318],[-81.2271,25.5834],[-81.1133,25.3672],[-81.0568,25.3381],[-80.9804,25.3117],[-80.9404,25.2642],[-80.9654,25.2243],[-81.0977,25.3191],[-81.136,25.3097],[-81.1587,25.269],[-81.1674,25.2285],[-81.1105,25.138],[-81.012,25.1333],[-80.8622,25.1762],[-80.7365,25.1563],[-80.5576,25.2324],[-80.4847,25.2298],[-80.3669,25.3313],[-80.3277,25.4271],[-80.3008,25.6186],[-80.2191,25.7417],[-80.1589,25.8783],[-80.1429,25.874],[-80.1363,25.8426],[-80.1264,25.8335],[-80.1106,26.1316],[-80.0413,26.5686],[-80.05,26.8077],[-80.0887,26.9939],[-80.1258,27.083],[-80.2261,27.207],[-80.6501,28.1809],[-80.6864,28.2722],[-80.7486,28.381],[-80.7872,28.5606],[-80.8184,28.6356],[-80.8382,28.7577],[-80.8087,28.7589],[-80.771,28.7325],[-80.7799,28.683],[-80.7659,28.6328],[-80.7002,28.6009],[-80.6885,28.5785],[-80.7291,28.5162],[-80.7317,28.4629],[-80.6935,28.345],[-80.6655,28.3749],[-80.6539,28.4522],[-80.6329,28.518],[-80.6069,28.5229],[-80.6229,28.3204],[-80.61,28.1776],[-80.4996,27.9345],[-80.4569,27.9007],[-80.5332,28.0701],[-80.5729,28.1809],[-80.585,28.2716],[-80.5812,28.3647],[-80.5678,28.4265],[-80.5241,28.4861],[-80.5643,28.5564],[-80.9,29.0499],[-81.1045,29.457],[-81.2495,29.7938],[-81.3371,30.1412],[-81.3857,30.27],[-81.4572,30.6408],[-81.504,30.7314],[-81.5162,30.8018],[-81.5204,30.8747],[-81.5006,30.9138],[-81.4714,31.009],[-81.4532,31.0883],[-81.4604,31.1271],[-81.4417,31.1997],[-81.4126,31.1794],[-81.3649,31.1719],[-81.2885,31.2639],[-81.3291,31.3138],[-81.3777,31.3323],[-81.381,31.3533],[-81.295,31.3712],[-81.2579,31.436],[-81.2189,31.4721],[-81.1754,31.5313],[-81.1957,31.5389],[-81.2234,31.5285],[-81.2594,31.5389],[-81.2424,31.5743],[-81.1699,31.6103],[-81.1655,31.6461],[-81.1866,31.6669],[-81.1979,31.7042],[-81.1621,31.7437],[-81.0984,31.7534],[-81.0661,31.788],[-81.065,31.8135],[-81.0955,31.8409],[-81.1133,31.8786],[-81.0829,31.8941],[-81.0456,31.892],[-80.9234,31.9449],[-80.8724,32.0296],[-80.8821,32.0686],[-80.8492,32.1139],[-80.7908,32.1258],[-80.758,32.1422],[-80.6942,32.2157],[-80.7021,32.2459],[-80.7338,32.2653],[-80.7653,32.2983],[-80.7979,32.3634],[-80.8025,32.448],[-80.7093,32.3371],[-80.6831,32.3486],[-80.6778,32.3811],[-80.6472,32.3959],[-80.6258,32.3263],[-80.6082,32.2928],[-80.5793,32.2873],[-80.5136,32.3244],[-80.4857,32.3518],[-80.4743,32.4228],[-80.53,32.4754],[-80.6342,32.5117],[-80.5722,32.5337],[-80.461,32.5213],[-80.3628,32.5007],[-80.2684,32.5374],[-80.2297,32.5765],[-80.1803,32.5929],[-80.1226,32.5891],[-80.0218,32.6199],[-79.9407,32.6671],[-79.8937,32.7287],[-79.9331,32.8101],[-79.805,32.7874],[-79.735,32.8248],[-79.6149,32.9093],[-79.5871,33.0009],[-79.4987,33.0273],[-79.4199,33.0425],[-79.276,33.1354],[-79.2292,33.1852],[-79.2813,33.3154],[-79.2265,33.4049],[-79.2273,33.3632],[-79.2384,33.3122],[-79.1938,33.2441],[-79.1382,33.4059],[-78.9203,33.6587],[-78.8415,33.7241],[-78.5777,33.8732],[-78.5643,33.8767],[-78.4059,33.9176],[-78.0133,33.9118],[-77.9706,33.9934],[-77.9533,34.169],[-77.926,34.0731],[-77.9329,33.9895],[-77.9278,33.9397],[-77.888,34.0501],[-77.8608,34.1492],[-77.7507,34.285],[-77.697,34.332],[-77.6497,34.3575],[-77.5177,34.4514],[-77.3798,34.5266],[-77.4021,34.5548],[-77.4129,34.5921],[-77.4123,34.7308],[-77.3845,34.6944],[-77.3584,34.6203],[-77.2962,34.6029],[-77.2518,34.6156],[-77.1339,34.7079],[-77.0495,34.6974],[-76.8959,34.7015],[-76.7967,34.7042],[-76.7332,34.707],[-76.7071,34.7521],[-76.618,34.7699],[-76.5169,34.7772],[-76.4398,34.8429],[-76.3622,34.9365],[-76.4567,34.9894],[-76.745,34.941],[-76.8986,34.9703],[-76.975,35.0252],[-77.0703,35.1546],[-76.861,35.005],[-76.7791,34.9903],[-76.628,35.0733],[-76.6134,35.1041],[-76.6075,35.153],[-76.566,35.2152],[-76.5129,35.2704],[-76.5528,35.3056],[-76.5955,35.3297],[-76.9745,35.4584],[-77.04,35.5274],[-76.8873,35.4631],[-76.7414,35.4315],[-76.6341,35.4532],[-76.611,35.5297],[-76.5772,35.5323],[-76.5325,35.5084],[-76.5156,35.4365],[-76.4895,35.397],[-76.4466,35.4078],[-76.3902,35.4013],[-76.2752,35.369],[-76.1738,35.3541],[-76.1035,35.3803],[-75.966,35.5084],[-75.7739,35.647],[-75.7447,35.7655],[-75.7588,35.8433],[-75.7722,35.8999],[-75.812,35.9558],[-75.8539,35.9602],[-75.9789,35.8959],[-76.0012,35.7222],[-76.0457,35.6912],[-76.0836,35.6905],[-76.0757,35.7875],[-76.0601,35.8787],[-76.0698,35.9703],[-76.2065,35.9912],[-76.2636,35.9671],[-76.3583,35.9529],[-76.5035,35.9561],[-76.6111,35.9437],[-76.7262,35.9576],[-76.7187,36.0335],[-76.74,36.1333],[-76.7336,36.2291],[-76.7176,36.1481],[-76.6789,36.0753],[-76.5594,36.0153],[-76.4788,36.0282],[-76.4243,36.068],[-76.3837,36.1335],[-76.3212,36.1382],[-76.2274,36.116],[-76.2706,36.1899],[-76.2218,36.1669],[-76.15,36.1458],[-76.1411,36.2151],[-76.1479,36.2793],[-76.0547,36.2345],[-75.9502,36.209],[-75.883,36.1757],[-75.8201,36.1128],[-75.8666,36.2679],[-75.9249,36.383],[-75.9785,36.4292],[-75.9928,36.4738],[-75.9665,36.5514],[-75.9598,36.571],[-75.9734,36.6],[-75.9653,36.6376],[-75.9465,36.6591],[-75.9179,36.6327],[-75.8936,36.5665],[-75.8891,36.5505],[-75.8098,36.271],[-75.7282,36.1037],[-75.5805,35.872],[-75.5342,35.8191],[-75.5587,35.8793],[-75.7579,36.2292],[-75.8574,36.5506],[-75.8904,36.657],[-75.9416,36.7655],[-75.9664,36.862],[-75.9994,36.9126],[-76.144,36.9306],[-76.2442,36.9526],[-76.3996,36.8898],[-76.4878,36.897],[-76.5046,36.961],[-76.6339,37.0474],[-76.6719,37.1729],[-76.7654,37.1841],[-76.9252,37.225],[-77.002,37.271],[-77.1962,37.2957],[-77.2271,37.3091],[-77.2509,37.3292],[-77.007,37.3177],[-76.7035,37.2177],[-76.6309,37.2217],[-76.6023,37.1429],[-76.5068,37.0723],[-76.462,37.0308],[-76.4009,36.9913],[-76.3383,37.0131],[-76.2833,37.0527],[-76.3008,37.1109],[-76.327,37.1493],[-76.4011,37.2127],[-76.4974,37.2469],[-76.6109,37.3226],[-76.7381,37.4488],[-76.7559,37.4792],[-76.7577,37.5054],[-76.5384,37.3094],[-76.4539,37.2735],[-76.3932,37.3],[-76.4055,37.3319],[-76.401,37.3861],[-76.2635,37.357],[-76.2544,37.4306],[-76.2686,37.4952],[-76.3676,37.5303],[-76.3056,37.5715],[-76.4841,37.6289],[-76.5495,37.6691],[-76.6198,37.7551],[-76.7154,37.8102],[-76.8492,37.9402],[-76.9251,38.033],[-77.1111,38.1657],[-77.0707,38.1672],[-76.94,38.0955],[-76.8286,37.9615],[-76.7928,37.938],[-76.4925,37.6822],[-76.4366,37.6704],[-76.3441,37.6757],[-76.3056,37.7216],[-76.2932,37.7943],[-76.2618,37.8481],[-76.2643,37.8936],[-76.3549,37.9632],[-76.4718,38.0112],[-76.5495,38.0945],[-76.6449,38.1339],[-76.9063,38.1971],[-77.0468,38.3567],[-77.1099,38.3701],[-77.2319,38.34],[-77.2732,38.3518],[-77.3137,38.3966],[-77.2838,38.5292],[-77.2604,38.6],[-77.1646,38.6766],[-77.0919,38.7195],[-77.0456,38.7758],[-77.0304,38.8893],[-77.0182,38.7777],[-77.0539,38.7058],[-77.1349,38.6501],[-77.2209,38.541],[-77.2416,38.4948],[-77.2325,38.4077],[-77.1559,38.3971],[-77.0767,38.4417],[-77.0012,38.4453],[-76.9884,38.3939],[-76.9502,38.347],[-76.8897,38.2921],[-76.8678,38.3372],[-76.8681,38.3903],[-76.7691,38.2629],[-76.5936,38.2283],[-76.4544,38.1735],[-76.402,38.125],[-76.3412,38.087],[-76.3329,38.1408],[-76.3657,38.1969],[-76.4088,38.2683],[-76.642,38.4543],[-76.6686,38.5375],[-76.6773,38.612],[-76.6592,38.5795],[-76.6469,38.5385],[-76.5724,38.4358],[-76.5099,38.4037],[-76.4388,38.3615],[-76.3941,38.369],[-76.4164,38.4202],[-76.4585,38.475],[-76.5013,38.5322],[-76.5369,38.7426],[-76.5211,38.7883],[-76.5155,38.8406],[-76.5195,38.8983],[-76.4937,38.9452],[-76.5188,39.0012],[-76.5585,39.0652],[-76.5462,39.068],[-76.4731,39.0306],[-76.4201,39.0739],[-76.4276,39.126],[-76.4894,39.1587],[-76.5739,39.2543],[-76.5704,39.2693],[-76.4209,39.225],[-76.4028,39.2528],[-76.4057,39.3039],[-76.359,39.3247],[-76.3451,39.3645],[-76.3472,39.3875],[-76.3308,39.4039],[-76.2764,39.3228],[-76.2568,39.3521],[-76.2477,39.4386],[-76.223,39.4203],[-76.2158,39.3799],[-76.1414,39.4032],[-76.0973,39.4331],[-76.0807,39.4703],[-76.0851,39.527],[-76.063,39.5611],[-76.0063,39.5687],[-75.9589,39.5851],[-75.9704,39.5046],[-75.8729,39.5109],[-75.9135,39.4684],[-75.9547,39.4596],[-76.0031,39.4108],[-75.9387,39.3986],[-75.876,39.376],[-75.976,39.3673],[-76.0744,39.3688],[-76.1531,39.315],[-76.2357,39.1916],[-76.2168,39.0636],[-76.133,39.1229],[-76.1352,39.0821],[-76.1857,38.9907],[-76.245,39.0092],[-76.3127,39.0094],[-76.3296,38.9528],[-76.3307,38.9086],[-76.2408,38.9431],[-76.1911,38.9156],[-76.1682,38.8527],[-76.247,38.8227],[-76.3003,38.8182],[-76.3412,38.7097],[-76.3081,38.7229],[-76.2783,38.7725],[-76.213,38.7583],[-76.175,38.7067],[-76.0569,38.6212],[-76.0169,38.6251],[-76.0009,38.6017],[-76.1129,38.6016],[-76.1984,38.6187],[-76.2642,38.6],[-76.2949,38.4946],[-76.2646,38.4364],[-76.2117,38.3613],[-76.1165,38.3177],[-76.0512,38.2795],[-76.0203,38.2949],[-76.0067,38.3228],[-75.9857,38.3319],[-75.9674,38.2914],[-75.9373,38.3097],[-75.8888,38.3555],[-75.8587,38.3621],[-75.8768,38.3188],[-75.8639,38.2612],[-75.885,38.214],[-75.9281,38.1692],[-75.8913,38.1472],[-75.8556,38.1404],[-75.7953,38.0867],[-75.8291,38.0328],[-75.8508,37.9716],[-75.7352,37.9737],[-75.6593,37.954],[-75.7193,37.8214],[-75.7924,37.7563],[-75.8881,37.6191],[-75.975,37.3984],[-75.9974,37.2638],[-75.9845,37.2122],[-75.9344,37.1519],[-75.854,37.2966],[-75.8121,37.4252],[-75.7669,37.473],[-75.6988,37.5164],[-75.6315,37.5354],[-75.5871,37.5587],[-75.5964,37.6312],[-75.376,38.025],[-75.3535,38.065],[-75.2918,38.1292],[-75.2254,38.2423],[-75.16,38.2551],[-75.1415,38.2981],[-75.1342,38.3843],[-75.1167,38.4062],[-75.0897,38.4254],[-75.0734,38.41],[-75.0744,38.3657],[-75.0513,38.383],[-75.0388,38.4264],[-75.0376,38.4556],[-75.0359,38.5033],[-75.0729,38.5787],[-75.1108,38.5994],[-75.1871,38.5911],[-75.1285,38.6324],[-75.084,38.7228],[-75.0887,38.7775],[-75.1851,38.8194],[-75.3104,38.9666],[-75.3922,39.0928],[-75.4126,39.2814],[-75.5198,39.4028],[-75.5739,39.477],[-75.5673,39.553],[-75.5816,39.5895],[-75.5876,39.6408],[-75.5021,39.7174],[-75.4644,39.781],[-75.421,39.8154],[-75.4006,39.8316],[-75.3209,39.8647],[-75.1729,39.8948],[-75.0742,39.9835],[-75.1038,39.9318],[-75.1538,39.8705],[-75.3532,39.8297],[-75.4219,39.7897],[-75.4716,39.7124],[-75.5235,39.6019],[-75.5192,39.5319],[-75.5242,39.4902],[-75.3534,39.3398],[-75.2311,39.2843],[-75.1361,39.2079],[-75.0502,39.2108],[-74.9753,39.1882],[-74.897,39.1455],[-74.9203,39.0472],[-74.9543,38.95],[-74.9234,38.9411],[-74.7945,39.0019],[-74.6459,39.2079],[-74.6048,39.2475],[-74.603,39.2926],[-74.5787,39.3161],[-74.5172,39.3469],[-74.4744,39.3426],[-74.4288,39.3872],[-74.4108,39.4545],[-74.3898,39.4868],[-74.407,39.5488],[-74.3306,39.5359],[-74.2565,39.6139],[-74.1761,39.7266],[-74.1176,39.9381],[-74.096,39.976],[-74.0646,39.9931],[-74.084,39.8291],[-74.0799,39.7881],[-74.0489,39.923],[-74.0283,40.073],[-74.004,40.1713],[-73.972,40.2505],[-73.9576,40.3284],[-73.9723,40.4003],[-73.9984,40.4521],[-74.0499,40.4298],[-74.2415,40.4563],[-74.2642,40.5286],[-74.2267,40.608],[-74.1872,40.648],[-74.1531,40.6732],[-74.1163,40.6873],[-74.0673,40.7196],[-74.0255,40.7564],[-73.9272,40.9143],[-73.9101,40.9922],[-73.9092,40.9961],[-73.9177,41.1358],[-73.9699,41.2497],[-73.9253,41.2181],[-73.8822,41.1706],[-73.872,41.0552],[-73.9067,40.9125],[-73.9486,40.8388],[-73.9871,40.7514],[-73.9472,40.777],[-73.9107,40.8161],[-73.8513,40.8314],[-73.779,40.8784],[-73.6714,40.9659],[-73.6305,40.9918],[-73.583,41.0219],[-73.1823,41.1758],[-73.0237,41.2165],[-72.9247,41.2852],[-72.8472,41.2659],[-72.4794,41.2758],[-72.371,41.3122],[-72.2653,41.2916],[-72.0739,41.3261],[-71.9299,41.3411],[-71.8424,41.3355],[-71.7693,41.3309],[-71.5229,41.379],[-71.4438,41.4537],[-71.4266,41.6333],[-71.3637,41.7027],[-71.3901,41.7953],[-71.3592,41.7862],[-71.3306,41.7623],[-71.3107,41.7199],[-71.2711,41.6813],[-71.2338,41.7065],[-71.1783,41.744],[-71.1487,41.7457],[-71.2043,41.6411],[-71.1884,41.5164],[-71.1686,41.4894],[-71.0798,41.5381],[-70.9742,41.5485],[-70.7011,41.7148],[-70.6665,41.7101],[-70.6554,41.6081],[-70.6681,41.5583],[-70.6571,41.5342],[-70.4813,41.5825],[-70.4047,41.6269],[-70.0595,41.6773],[-69.9868,41.684],[-69.9486,41.6771],[-69.9338,41.7104],[-69.9416,41.8079],[-69.9779,41.9613],[-70.1089,42.0783],[-70.1599,42.0971],[-70.2035,42.101],[-70.2411,42.0912],[-70.2365,42.071],[-70.1962,42.0351],[-70.1726,42.0628],[-70.1103,42.0301],[-70.09,41.9797],[-70.0061,41.8723],[-70.0014,41.8262],[-70.135,41.7699],[-70.2955,41.729],[-70.4267,41.7573],[-70.5147,41.8033],[-70.5489,41.9386],[-70.6562,41.9871],[-70.6452,42.0216],[-70.6177,42.0404],[-70.7383,42.2289],[-70.818,42.2649],[-70.9967,42.3],[-71.0462,42.3311],[-70.9305,42.432],[-70.8709,42.4966],[-70.8312,42.5526],[-70.7519,42.5704],[-70.6614,42.6167],[-70.6129,42.6232],[-70.6041,42.6497],[-70.624,42.6718],[-70.6548,42.674],[-70.6969,42.6646],[-70.7357,42.6693],[-70.7813,42.7212],[-70.8003,42.774],[-70.8291,42.8253],[-70.8061,42.8768],[-70.7776,42.9406],[-70.7331,43.07],[-70.6912,43.1093],[-70.6423,43.1344],[-70.5207,43.3488],[-70.3597,43.4802],[-70.2026,43.6261],[-70.2379,43.6562],[-70.2692,43.6719],[-70.1788,43.7664],[-70.0624,43.8346],[-69.9652,43.8551],[-69.9745,43.8181],[-69.9743,43.7879],[-69.9256,43.797],[-69.8725,43.8195],[-69.8403,43.7899],[-69.8083,43.7723],[-69.7916,43.8052],[-69.8032,43.8668],[-69.7953,43.9106],[-69.7723,43.899],[-69.762,43.8607],[-69.7298,43.852],[-69.6991,43.955],[-69.6529,43.9939],[-69.6368,43.9488],[-69.6239,43.8806],[-69.59,43.8866],[-69.5567,43.9828],[-69.5416,43.9626],[-69.5208,43.8974],[-69.4809,43.9051],[-69.435,43.9563],[-69.3445,44.0009],[-69.2261,43.9865],[-69.1373,44.0378],[-69.0684,44.0976],[-69.0636,44.1724],[-68.9562,44.3481],[-68.9615,44.4338],[-68.8474,44.4851],[-68.8002,44.5494],[-68.7627,44.5708],[-68.7655,44.5098],[-68.7949,44.4545],[-68.777,44.446],[-68.7359,44.4545],[-68.7101,44.4426],[-68.7939,44.3817],[-68.8119,44.3394],[-68.7233,44.3423],[-68.612,44.3105],[-68.5724,44.2709],[-68.5325,44.2586],[-68.5145,44.3039],[-68.5214,44.3802],[-68.4794,44.4457],[-68.4506,44.5076],[-68.4168,44.4691],[-68.3737,44.4451],[-68.3167,44.4739],[-68.2774,44.5074],[-68.2458,44.5148],[-68.1982,44.5152],[-68.1521,44.502],[-68.1173,44.4906],[-68.0937,44.4388],[-68.0566,44.3843],[-68.014,44.4009],[-67.9849,44.4202],[-67.9627,44.4643],[-67.907,44.4536],[-67.8391,44.5763],[-67.7905,44.5857],[-67.7268,44.5665],[-67.653,44.5624],[-67.5991,44.5768],[-67.556,44.6448],[-67.4578,44.6565],[-67.3641,44.6969],[-67.1913,44.6756],[-66.987,44.8277],[-66.9915,44.8496],[-67.014,44.8678],[-67.1067,44.8851],[-67.1139,44.9444],[-67.0805,44.9892],[-67.1022,45.0877],[-67.1304,45.139],[-67.1249,45.1694],[-67.0841,45.1439],[-66.9766,45.1572],[-66.9187,45.1456],[-66.9082,45.0977],[-66.8725,45.0673],[-66.7072,45.0834],[-66.5109,45.1434],[-66.4398,45.0959],[-66.352,45.1332],[-66.2516,45.189],[-66.1437,45.2276],[-66.1073,45.2569],[-66.1827,45.3352],[-66.0897,45.3756],[-66.0649,45.4008],[-66.0266,45.4176],[-66.0666,45.3595],[-66.1098,45.3166],[-65.9556,45.2225],[-65.8845,45.2229],[-65.545,45.3373],[-65.2823,45.4731],[-65.0573,45.5442],[-64.8979,45.626],[-64.7785,45.6384],[-64.5937,45.8137],[-64.642,45.9133],[-64.6327,45.9466],[-64.5363,45.8666],[-64.4822,45.8063],[-64.4041,45.8269],[-64.3146,45.8357],[-64.3511,45.7832],[-64.3971,45.7559],[-64.5601,45.6255],[-64.8274,45.4755],[-64.9129,45.3748],[-64.8731,45.3546],[-64.8319,45.3502],[-64.7467,45.3244],[-64.6811,45.383],[-64.6002,45.4101],[-64.3364,45.3896],[-64.0872,45.4109],[-63.9064,45.3782],[-63.6145,45.3941],[-63.368,45.3648],[-63.4603,45.3211],[-63.7483,45.3109],[-64.0932,45.2171],[-64.1827,45.147],[-64.1355,45.023],[-64.235,45.1143],[-64.3542,45.1382],[-64.3657,45.1873],[-64.3588,45.2382],[-64.3404,45.2682],[-64.3308,45.3093],[-64.4481,45.3375],[-64.4069,45.3057],[-64.4488,45.2561],[-64.7513,45.1802],[-64.9029,45.1208],[-65.6567,44.7603],[-65.692,44.7383],[-65.7282,44.6971],[-65.5872,44.7285],[-65.5022,44.7604],[-65.52,44.7327],[-65.6158,44.6804],[-65.6818,44.6509],[-65.7777,44.6462],[-65.917,44.6151],[-66.0217,44.5617],[-66.0906,44.5049],[-66.1253,44.4697],[-66.1464,44.4359],[-65.9419,44.5755],[-65.868,44.5688],[-66.0996,44.3675],[-66.1931,44.1438],[-66.1925,44.0797],[-66.1257,43.8138],[-66.0376,43.7422],[-66.0021,43.7781],[-65.9784,43.8148],[-65.8869,43.7952],[-65.8353,43.7344],[-65.7381,43.5607],[-65.6619,43.534],[-65.5645,43.5533],[-65.4817,43.5181],[-65.4504,43.5242],[-65.4285,43.5614],[-65.3861,43.5653],[-65.3443,43.5496],[-65.3296,43.6681],[-65.2349,43.7268],[-65.1721,43.7314],[-65.0868,43.7272],[-64.8624,43.8679],[-64.8256,43.9293],[-64.6916,44.0213],[-64.5785,44.142],[-64.4688,44.1852],[-64.3782,44.3036],[-64.3346,44.292],[-64.2757,44.3341],[-64.3123,44.4147],[-64.3385,44.4449],[-64.2861,44.5503],[-64.167,44.5867],[-64.1009,44.4875],[-64.0446,44.5454],[-64.0449,44.5879],[-63.9997,44.6449],[-63.9237,44.6039],[-63.8913,44.5463],[-63.8207,44.5106],[-63.7611,44.4864],[-63.6098,44.48],[-63.5677,44.5145],[-63.5448,44.5438],[-63.5583,44.6106],[-63.604,44.6832],[-63.5443,44.6551],[-63.4568,44.6399],[-63.3808,44.6519],[-63.3063,44.6426],[-63.1557,44.7113],[-63.0892,44.7085],[-63.0318,44.7148],[-62.7681,44.7851],[-62.514,44.8437],[-62.265,44.9365],[-62.0268,44.9945],[-61.7939,45.0844],[-61.7192,45.0945],[-61.6474,45.1305],[-61.5687,45.1538],[-61.4979,45.157],[-61.3873,45.1851],[-61.2838,45.2355],[-61.1653,45.2561],[-61.1011,45.2334],[-61.0677,45.2528],[-61.0315,45.2917],[-61.0708,45.3302],[-61.1067,45.3486],[-61.461,45.3667],[-61.3761,45.4106],[-61.282,45.4411],[-61.2771,45.476],[-61.3505,45.5737],[-61.4276,45.6483],[-61.4923,45.687],[-61.6569,45.6422],[-61.7765,45.6556],[-61.8772,45.7142],[-61.9116,45.7991],[-61.9236,45.8512],[-61.9555,45.8682],[-62.2177,45.7309],[-62.4219,45.6646],[-62.4473,45.6405],[-62.4831,45.6218],[-62.5856,45.6607],[-62.7501,45.6482],[-62.7184,45.686],[-62.7007,45.7406],[-62.9108,45.7764],[-63.1079,45.7824],[-63.2169,45.758],[-63.2928,45.752],[-63.3159,45.7799],[-63.358,45.8113],[-63.5092,45.8747],[-63.5677,45.8779],[-63.7029,45.858],[-63.8747,45.9592],[-64.031,46.0127],[-64.0564,46.0213],[-63.8319,46.1072],[-63.8727,46.1462],[-63.9159,46.1658],[-64.145,46.1929],[-64.2118,46.2202],[-64.5415,46.2403],[-64.5568,46.3114],[-64.6479,46.356],[-64.6414,46.4256],[-64.6895,46.5123],[-64.7259,46.6714],[-64.8167,46.6987],[-64.8825,46.8229],[-64.9058,46.8879],[-64.8659,46.9578],[-64.8314,47.0608],[-64.9424,47.0862],[-65.0424,47.0888],[-65.1921,47.0496],[-65.2602,47.0692],[-65.3189,47.1012],[-65.0861,47.2338],[-64.9122,47.3687],[-64.8521,47.5699],[-64.7663,47.6735],[-64.7032,47.7249],[-64.874,47.7972],[-65.0464,47.793],[-65.0017,47.8468],[-65.2282,47.8113],[-65.3439,47.7679],[-65.4835,47.687],[-65.6072,47.67],[-65.6665,47.6961],[-65.7557,47.8598],[-65.8494,47.911],[-66.2102,47.9886],[-66.3596,48.0606],[-66.4288,48.0669],[-66.6315,48.0111],[-66.7044,48.0225],[-66.449,48.1196],[-66.3243,48.0979],[-66.2486,48.1173],[-66.0831,48.1027],[-66.0125,48.1467],[-65.9267,48.1889],[-65.7547,48.1117],[-65.4759,48.0315],[-65.36,48.0111],[-65.2594,48.0212],[-65.0361,48.1063],[-64.9599,48.1599],[-64.8221,48.1965],[-64.7645,48.2281],[-64.7058,48.3106],[-64.6332,48.3605],[-64.3488,48.4232],[-64.2538,48.5504],[-64.2461,48.6911],[-64.4146,48.8036],[-64.5137,48.8411],[-64.3708,48.839],[-64.2088,48.8062],[-64.2162,48.8736],[-64.2618,48.9219],[-64.5677,49.1048],[-64.8363,49.1917],[-65.3961,49.2621],[-65.5234,49.2662],[-65.8828,49.2257],[-66.1782,49.2131],[-66.5981,49.1264],[-67.1175,48.9642],[-67.5609,48.856],[-67.889,48.7309],[-68.2382,48.6264],[-68.4315,48.5417],[-68.552,48.4573],[-68.746,48.3764],[-68.8157,48.366],[-68.9871,48.275],[-69.3063,48.047],[-69.471,47.9673],[-69.5811,47.8237],[-69.8022,47.6234],[-70.0171,47.4714],[-70.0696,47.3778],[-70.2178,47.2898],[-70.3881,47.1169],[-70.5195,47.0325],[-70.9933,46.8522],[-71.152,46.8191],[-71.2612,46.7563],[-71.4392,46.7208],[-71.6713,46.6538],[-71.9009,46.6319],[-72.1093,46.5512],[-72.1872,46.5115],[-72.2401,46.4421],[-72.3662,46.4048],[-72.4962,46.3527],[-72.7334,46.1818],[-72.9899,46.1036],[-73.1596,46.0101],[-73.253,45.8637],[-73.3688,45.7578],[-73.4653,45.6323],[-73.4842,45.5868],[-73.5188,45.459],[-73.5581,45.4251],[-73.7646,45.3955],[-74.0498,45.2414],[-74.269,45.1883],[-74.5663,45.0416],[-74.7089,45.0039],[-74.3583,45.2064],[-74.3404,45.2145],[-74.0981,45.324],[-73.9738,45.3451],[-73.9996,45.4334],[-74.2477,45.4929],[-74.3151,45.5311],[-74.0378,45.5019],[-73.8974,45.5642],[-73.7979,45.6549],[-73.7119,45.7112],[-73.4766,45.7382],[-73.2835,45.8999],[-73.1797,46.025],[-73.1454,46.0663],[-73.0219,46.1203],[-72.981,46.2097],[-72.8427,46.2624],[-72.6801,46.2873],[-72.2566,46.4851],[-72.2046,46.5589],[-72.0285,46.6074],[-71.8796,46.6868],[-71.7573,46.6736],[-71.6248,46.6984],[-71.2678,46.7959],[-71.1156,46.925],[-70.9727,47.0067],[-70.7059,47.1398],[-70.448,47.4234],[-70.3001,47.503],[-69.9944,47.7399],[-69.9056,47.8322],[-69.8398,47.9526],[-69.775,48.0981],[-69.8655,48.1723],[-69.9712,48.2058],[-70.1453,48.2436],[-70.5006,48.3543],[-70.6711,48.3532],[-70.8388,48.3674],[-70.9226,48.4223],[-71.0183,48.4556],[-70.3837,48.3665],[-70.1106,48.278],[-70.001,48.2709],[-69.8517,48.2074],[-69.7619,48.1912],[-69.6739,48.1992],[-69.5501,48.2508],[-69.375,48.3864],[-69.2308,48.5736],[-68.9291,48.829],[-68.669,48.9395],[-68.6279,49.0072],[-68.5438,49.0562],[-68.4144,49.0995],[-68.2945,49.1144],[-68.2206,49.1497],[-68.2819,49.1972],[-68.0562,49.2568],[-67.5493,49.3323],[-67.4692,49.3346],[-67.372,49.3484],[-67.2619,49.4512],[-67.2344,49.6018],[-66.9412,49.9937],[-66.7409,50.0655],[-66.6217,50.1554],[-66.55,50.1612],[-66.4955,50.2119],[-66.4111,50.2243],[-66.3688,50.2066],[-66.2422,50.2204],[-66.1255,50.201],[-65.9554,50.2941],[-65.7625,50.2593],[-65.2686,50.32],[-65.1809,50.2979],[-64.8679,50.2755],[-64.5089,50.3089],[-64.1704,50.2694],[-64.0158,50.304],[-63.854,50.3144],[-63.7336,50.3046],[-63.5867,50.2582],[-63.2386,50.2426],[-63.1356,50.2938],[-62.9498,50.2914],[-62.8302,50.3015],[-62.7154,50.3017],[-62.5409,50.2845],[-62.3617,50.2773],[-62.1652,50.2389],[-61.9195,50.2329],[-61.8354,50.197],[-61.7249,50.1041],[-61.2897,50.202],[-61.1807,50.1915],[-60.9563,50.2054],[-60.8072,50.2498],[-60.6082,50.2211],[-60.4381,50.2389],[-60.0802,50.2546],[-59.8863,50.3164],[-59.8153,50.4183],[-59.6119,50.4921],[-59.378,50.6754],[-59.1654,50.7799],[-59.0549,50.8791],[-58.6376,51.1717],[-58.6147,51.2371],[-58.5933,51.2571],[-58.5104,51.2951],[-58.4423,51.3059],[-58.2705,51.2952],[-58.0894,51.311],[-58.0227,51.3221],[-57.8538,51.3995],[-57.7696,51.4259],[-57.4617,51.4691],[-57.2992,51.4783],[-57.1001,51.4434],[-57.0956,51.4425],[-57.0183,51.4468],[-56.976,51.4577],[-56.5486,51.681],[-56.2826,51.7971],[-56.0175,51.9293],[-55.6952,52.1378],[-55.6728,52.1901],[-55.6911,52.2416],[-55.7835,52.2799],[-55.8336,52.3104],[-56.0046,52.3704],[-56.0117,52.3945],[-55.8967,52.3696],[-55.7771,52.3643],[-55.7162,52.3915],[-55.706,52.4283],[-55.7465,52.4746],[-55.8402,52.5076],[-56.0526,52.5374],[-56.2284,52.536],[-56.3249,52.5445],[-56.2924,52.5738],[-56.167,52.5748],[-55.8484,52.6233],[-55.8028,52.6432],[-55.8187,52.6771],[-55.8725,52.7357],[-55.8579,52.8234],[-55.8299,52.8784],[-55.8923,53.0004],[-55.8082,53.1347],[-55.7979,53.212],[-55.8169,53.2458],[-55.8548,53.2858],[-55.8634,53.3123],[-55.8594,53.3439],[-55.9112,53.3908],[-55.9661,53.4711],[-56.1102,53.5876],[-56.2702,53.6001],[-56.354,53.6245],[-56.4443,53.7183],[-56.465,53.765],[-56.5243,53.7665],[-56.6966,53.7577],[-56.8409,53.7395],[-57.0122,53.6726],[-57.2214,53.5285],[-57.3317,53.4691],[-57.3861,53.5605],[-57.4202,53.5833],[-57.5273,53.5999],[-57.5241,53.6114],[-57.4895,53.6331],[-57.244,53.7155],[-57.1569,53.7569],[-57.135,53.7918],[-57.149,53.8477],[-57.1989,53.9244],[-57.4161,54.1627],[-57.6149,54.1911],[-58.1921,54.2282],[-58.31,54.2017],[-58.3562,54.1719],[-58.3608,54.1545],[-58.3175,54.1145],[-58.1774,54.1313],[-58.0648,54.1268],[-57.9283,54.1036],[-57.936,54.0912],[-58.0881,54.0895],[-58.3267,54.0518],[-58.6521,53.9779],[-58.9196,53.8753],[-59.1294,53.7439],[-59.3223,53.6438],[-59.4981,53.5748],[-59.6211,53.5368],[-59.8291,53.5045],[-59.8817,53.4801],[-59.9871,53.3928],[-60.1483,53.3065],[-60.3295,53.2661],[-60.3375,53.2774],[-60.3457,53.289],[-60.2727,53.3171],[-60.2512,53.3436],[-60.3058,53.3601],[-60.2903,53.3915],[-60.1571,53.4498],[-60.1003,53.487],[-60.1603,53.53],[-60.3695,53.6075],[-60.3954,53.6533],[-60.2633,53.6101],[-60.1449,53.5961],[-60.1173,53.6101],[-60.1005,53.6342],[-60.0813,53.701],[-60.0565,53.7334],[-60.0142,53.7616],[-59.8733,53.8078],[-59.823,53.8344],[-59.7495,53.8423],[-59.6527,53.8313],[-59.4965,53.8342],[-59.2014,53.9291],[-59.0388,53.9636],[-59.0126,53.9763],[-58.9785,54.0103],[-58.9202,54.0331],[-58.8408,54.0445],[-58.7194,54.0394],[-58.6332,54.0496],[-58.5584,54.103],[-58.4352,54.2281],[-58.3591,54.2533],[-58.2197,54.2865],[-58.1619,54.32],[-58.1514,54.3504],[-57.8891,54.3841],[-57.6993,54.3866],[-57.5632,54.4404],[-57.4854,54.5175],[-57.4044,54.5704],[-57.4045,54.5909],[-57.483,54.6403],[-57.6266,54.6503],[-57.7249,54.6737],[-57.8269,54.7187],[-57.9293,54.7731],[-57.9625,54.8757],[-58.0585,54.8822],[-58.1953,54.8659],[-58.2229,54.8127],[-58.3981,54.7741],[-58.4999,54.7831],[-58.7802,54.8384],[-58.8858,54.9522],[-58.9558,55.0551],[-58.9971,55.1495],[-59.0863,55.1833],[-59.2596,55.2],[-59.3242,55.1528],[-59.3942,55.0807],[-59.4286,55.0555],[-59.7499,54.887],[-59.8378,54.814],[-59.8164,54.8672],[-59.7417,54.9426],[-59.4858,55.1302],[-59.4379,55.1759],[-59.5177,55.1974],[-59.6055,55.1733],[-59.6891,55.1963],[-59.6955,55.2691],[-59.7588,55.3096],[-59.8621,55.2949],[-59.9303,55.2594],[-60.2125,55.2364],[-60.3408,55.1939],[-60.5565,55.0675],[-60.6171,55.0602],[-60.5205,55.129],[-60.4501,55.2],[-60.4331,55.2428],[-60.3609,55.3663],[-60.224,55.4444],[-60.1924,55.4809],[-60.3083,55.557],[-60.352,55.6124],[-60.4083,55.6496],[-60.3654,55.7091],[-60.341,55.7847],[-60.4126,55.7886],[-60.4758,55.8051],[-60.5621,55.727],[-60.5926,55.8148],[-60.631,55.825],[-60.7366,55.887],[-60.7433,55.9415],[-60.8318,55.9579],[-60.8927,55.9142],[-60.9958,55.8624],[-61.0894,55.8664],[-61.123,55.8886],[-61.1339,55.9303],[-61.1879,55.9554],[-61.3513,55.9737],[-61.4495,55.9957],[-61.4489,56.0224],[-61.3011,56.0472],[-61.3244,56.0762],[-61.3647,56.216],[-61.4211,56.2218],[-61.5586,56.2078],[-61.7131,56.231],[-61.7071,56.2887],[-61.4987,56.3276],[-61.4253,56.3606],[-61.5146,56.3903],[-61.6925,56.3971],[-61.9404,56.4236],[-62.0097,56.4539],[-61.8994,56.5054],[-61.7601,56.5107],[-61.7377,56.526],[-61.8134,56.5705],[-61.8549,56.5843],[-61.9916,56.5908],[-62.1165,56.6668],[-62.3955,56.73],[-62.4973,56.8017],[-62.4602,56.8185],[-62.372,56.8362],[-62.2958,56.8328],[-62.3817,56.7877],[-62.3661,56.767],[-62.0625,56.6991],[-61.5317,56.6546],[-61.3716,56.6808],[-61.3728,56.7758],[-61.3905,56.853],[-61.3458,56.9216],[-61.3337,57.0106],[-61.6285,57.1832],[-61.7163,57.1962],[-61.7983,57.1862],[-61.8608,57.1976],[-61.9445,57.2281],[-61.9774,57.2479],[-61.9389,57.2744],[-61.8858,57.3479],[-61.8498,57.3704],[-61.8511,57.3813],[-61.9211,57.4208],[-62.0881,57.4528],[-62.1942,57.4546],[-62.3032,57.4407],[-62.3965,57.4482],[-62.455,57.462],[-62.4956,57.4892],[-62.3771,57.478],[-62.3386,57.4845],[-62.2536,57.5288],[-62.1669,57.5366],[-62.084,57.5619],[-61.968,57.6119],[-61.9312,57.6686],[-61.9949,57.7694],[-61.9678,57.8033],[-61.9141,57.825],[-61.8991,57.8613],[-61.9586,57.9118],[-62.1174,57.9641],[-62.2015,57.9546],[-62.3057,57.9723],[-62.4862,58.1541],[-62.5881,58.1581],[-62.8175,58.1292],[-62.9809,58.0933],[-63.22,58.0021],[-63.2615,58.0147],[-63.1517,58.0842],[-63.0628,58.1271],[-62.8121,58.2004],[-62.6743,58.3192],[-62.5938,58.474],[-62.6079,58.4964],[-62.7373,58.4922],[-62.8374,58.4794],[-63.0757,58.4148],[-63.1321,58.4108],[-63.1195,58.4417],[-63.1455,58.4604],[-63.21,58.4669],[-63.2965,58.4412],[-63.4736,58.3307],[-63.5371,58.3299],[-63.4379,58.3988],[-63.3899,58.4525],[-63.2187,58.5195],[-63.1023,58.5458],[-62.8739,58.6725],[-62.9261,58.765],[-63.0083,58.8554],[-63.0503,58.8782],[-63.1854,58.8578],[-63.2821,58.8674],[-63.2219,58.911],[-63.2164,58.928],[-63.2794,59.0032],[-63.3099,59.0265],[-63.3037,59.0344],[-63.2225,59.0572],[-63.2484,59.0683],[-63.3255,59.0816],[-63.399,59.0796],[-63.5679,59.047],[-63.7937,59.027],[-63.941,59.0274],[-63.9711,59.0538],[-63.9105,59.0656],[-63.7564,59.0635],[-63.6455,59.0789],[-63.5062,59.1152],[-63.4151,59.1944],[-63.5399,59.3329],[-63.6375,59.3415],[-63.752,59.2773],[-63.7759,59.2771],[-63.7586,59.3187],[-63.7809,59.3493],[-63.9455,59.3802],[-63.9707,59.4091],[-63.8504,59.4478],[-63.7502,59.5126],[-63.8413,59.5744],[-63.9288,59.6449],[-63.9695,59.6976],[-63.9787,59.7537],[-64.0561,59.8226],[-64.1507,59.7936],[-64.2263,59.7412],[-64.1688,59.8465],[-64.1829,59.9729],[-64.2835,60.0641],[-64.4077,60.0648],[-64.5592,60.0434],[-64.7326,59.9976],[-64.7685,60.0121],[-64.7133,60.0372],[-64.5277,60.0945],[-64.4196,60.1714],[-64.4363,60.2281],[-64.4994,60.2683],[-64.6143,60.306],[-64.7059,60.3361],[-64.8173,60.3311],[-64.845,60.3083],[-64.8896,60.2865],[-64.9312,60.252],[-65.0734,60.0622],[-65.1049,59.9934],[-65.1717,59.908],[-65.1814,59.8667],[-65.1592,59.8301],[-65.1133,59.8016],[-65.0282,59.7707],[-65.0545,59.7528],[-65.2123,59.8095],[-65.2888,59.8181],[-65.3579,59.8091],[-65.4062,59.7952],[-65.4334,59.7765],[-65.4809,59.6902],[-65.4865,59.6487],[-65.4752,59.6168],[-65.4074,59.5394],[-65.3455,59.511],[-65.2632,59.4955],[-65.1709,59.4623],[-65.0688,59.4115],[-65.0382,59.3879],[-65.0743,59.378],[-65.2738,59.4642],[-65.3497,59.4788],[-65.4751,59.4703],[-65.4894,59.4478],[-65.4073,59.3302],[-65.4117,59.315],[-65.5128,59.3504],[-65.5453,59.3197],[-65.578,59.245],[-65.6071,59.2131],[-65.6607,59.2297],[-65.6917,59.2294],[-65.7,59.2133],[-65.6656,59.1528],[-65.6398,59.1277],[-65.6062,59.1107],[-65.496,59.0913],[-65.3835,59.0602],[-65.3962,59.0384],[-65.5263,59.0362],[-65.544,59.0119],[-65.6953,59.032],[-65.721,59.0238],[-65.7219,59.0026],[-65.7036,58.9706],[-65.7948,58.9805],[-65.8414,58.9771],[-65.9207,58.9146],[-65.9184,58.8956],[-65.8359,58.8605],[-65.8548,58.8466],[-65.967,58.8392],[-66.0431,58.8207],[-66.0494,58.7879],[-66.0213,58.7348],[-65.9497,58.6499],[-65.9279,58.6109],[-65.9229,58.572],[-65.9312,58.5351],[-66.0024,58.4312],[-66.017,58.4308],[-66.0295,58.5668],[-66.0446,58.6056],[-66.0909,58.659],[-66.1682,58.7271],[-66.2374,58.7723],[-66.2985,58.7945],[-66.3624,58.7912],[-66.48,58.7309],[-66.515,58.6973],[-66.5577,58.6366],[-66.6079,58.5489],[-66.7222,58.491],[-66.9004,58.4628],[-67.0194,58.4329],[-67.1628,58.3704],[-67.382,58.3],[-67.5696,58.2135],[-67.5963,58.1861],[-67.6172,58.1403],[-67.6322,58.0761],[-67.6783,57.9911],[-67.6977,58.0087],[-67.6806,58.107],[-67.6882,58.1402],[-67.6897,58.2438],[-67.7371,58.3854],[-67.756,58.4046],[-67.8052,58.3655],[-67.8233,58.3103],[-67.8559,58.2726],[-68.009,58.1521],[-68.0639,58.139],[-67.9114,58.2672],[-67.8883,58.2958],[-67.8878,58.3294],[-67.9812,58.4612],[-68.021,58.4853],[-68.111,58.4733],[-68.1755,58.4026],[-68.2891,58.1777],[-68.3519,58.0907],[-68.4136,58.0518],[-68.4951,58.0117],[-68.781,57.9758],[-69.0408,57.9025],[-69.0354,57.926],[-68.9453,57.9688],[-68.8258,57.9999],[-68.5969,58.0369],[-68.4682,58.0763],[-68.3565,58.1632],[-68.3147,58.2269],[-68.2339,58.3992],[-68.2294,58.4846],[-68.2352,58.5282],[-68.253,58.5566],[-68.3265,58.5954],[-68.3812,58.7435],[-68.4143,58.7827],[-68.4749,58.8235],[-68.5629,58.8659],[-68.6373,58.8929],[-68.6982,58.9045],[-68.9415,58.8889],[-69.0636,58.8982],[-69.1735,58.8966],[-69.2711,58.8839],[-69.3818,58.8507],[-69.6505,58.7283],[-69.7899,58.6893],[-69.8786,58.697],[-70.033,58.7452],[-70.1543,58.7606],[-70.16,58.7894],[-69.9791,58.8164],[-69.8676,58.8562],[-69.8416,58.8812],[-69.8286,58.9054],[-69.8285,58.9288],[-69.8137,58.9456],[-69.7842,58.9557],[-69.753,58.9396],[-69.6773,58.8313],[-69.6484,58.8208],[-69.6082,58.8295],[-69.5316,58.8692],[-69.5001,58.9207],[-69.4747,59],[-69.4481,59.0492],[-69.4203,59.0682],[-69.4141,59.0869],[-69.4598,59.1524],[-69.4505,59.18],[-69.3504,59.2772],[-69.344,59.3031],[-69.4,59.3378],[-69.6819,59.3417],[-69.7109,59.3925],[-69.6924,59.4884],[-69.6562,59.5651],[-69.6023,59.6227],[-69.5794,59.6751],[-69.5874,59.7223],[-69.6302,59.8218],[-69.6734,59.8708],[-69.7339,59.918],[-69.8057,59.9449],[-70.3269,59.9714],[-70.4666,59.9709],[-70.6197,59.9843],[-70.6548,60.0262],[-70.5093,60.0152],[-69.9628,60.0178],[-69.7957,60.0297],[-69.6737,60.0759],[-69.6298,60.1221],[-69.6231,60.1455],[-69.6288,60.1986],[-69.6331,60.2204],[-69.7085,60.2859],[-69.7406,60.3323],[-69.7559,60.3885],[-69.7595,60.4402],[-69.7513,60.4875],[-69.7214,60.5674],[-69.6405,60.6898],[-69.5742,60.7427],[-69.4899,60.7796],[-69.4334,60.8143],[-69.4047,60.8468],[-69.3983,60.8829],[-69.4144,60.9225],[-69.4719,61.0109],[-69.5033,61.0404],[-69.557,61.0597],[-69.6236,61.0495],[-69.6504,61.0142],[-69.6776,60.9496],[-69.7084,60.9146],[-69.8004,60.9067],[-69.9092,60.8601],[-69.9924,60.8565],[-70.0953,60.8803],[-70.1459,60.9218],[-70.1441,60.9811],[-70.158,61.0207],[-70.1872,61.0405],[-70.2793,61.0687],[-70.3836,61.064],[-70.5408,61.0425],[-70.7232,61.0552],[-71.035,61.1255],[-71.1751,61.1465],[-71.3484,61.149],[-71.4227,61.1589],[-71.5515,61.2133],[-71.7435,61.3373],[-71.7321,61.3721],[-71.6464,61.3987],[-71.6453,61.4131],[-71.7937,61.4212],[-71.8544,61.4398],[-71.841,61.466],[-71.7558,61.5268],[-71.6562,61.5509],[-71.6194,61.5729],[-71.6048,61.5924],[-71.6383,61.6172],[-71.8661,61.6885],[-71.9223,61.677],[-71.9644,61.6363],[-72.0231,61.612],[-72.2159,61.5873],[-72.2471,61.6021],[-72.082,61.6414],[-72.043,61.6647],[-72.04,61.6803],[-72.0814,61.7283],[-72.1261,61.7532],[-72.1785,61.8018],[-72.2261,61.8316],[-72.3607,61.8878],[-72.5056,61.9227],[-72.5739,61.9071],[-72.6606,61.8632],[-72.7274,61.8386],[-72.7716,61.8404],[-72.666,61.9553],[-72.6321,62.0272],[-72.6331,62.0528],[-72.646,62.0766],[-72.6708,62.1139],[-72.687,62.1246],[-72.735,62.1311],[-72.8818,62.1254],[-72.9924,62.1804],[-73.0494,62.1982],[-73.1952,62.2792],[-73.299,62.325],[-73.4284,62.3688],[-73.63,62.4542],[-73.7051,62.4731],[-73.764,62.4688],[-73.8778,62.4344],[-74.0465,62.37],[-74.2055,62.3214],[-74.4292,62.2718],[-74.6458,62.2111],[-74.6899,62.1834],[-74.6129,62.1252],[-74.6326,62.1157],[-74.9076,62.23],[-75.0228,62.2645],[-75.114,62.2708],[-75.3412,62.3121],[-75.4092,62.3071],[-75.4888,62.2864],[-75.7898,62.1796],[-75.8092,62.1934],[-75.6755,62.2495],[-75.8169,62.3159],[-76.6164,62.4657],[-76.8794,62.5254],[-77.2053,62.55],[-77.3724,62.5725],[-77.604,62.5314],[-77.8999,62.4266],[-78.0681,62.3554],[-78.1086,62.3181],[-78.1334,62.2823],[-78.147,62.2087],[-78.1372,62.1074],[-78.0775,61.9234],[-78.0214,61.8321],[-77.9476,61.7619],[-77.8899,61.7287],[-77.8138,61.6948],[-77.6984,61.6264],[-77.5144,61.5563],[-77.6489,61.4787],[-77.7362,61.4374],[-77.7496,61.393],[-77.7268,61.2307],[-77.7306,61.2064],[-77.765,61.1575],[-77.8301,61.084],[-77.9342,61.0026],[-78.1597,60.8522],[-78.1813,60.8191],[-78.1225,60.8096],[-77.9981,60.8182],[-77.8715,60.7858],[-77.603,60.8252],[-77.5896,60.8086],[-77.6606,60.7895],[-77.7342,60.697],[-77.7612,60.6791],[-77.7908,60.6398],[-77.715,60.5778],[-77.6395,60.5669],[-77.5156,60.5632],[-77.5036,60.5427],[-77.5981,60.5067],[-77.6814,60.4271],[-77.6486,60.3625],[-77.4529,60.1458],[-77.4614,60.1335],[-77.5722,60.101],[-77.5859,60.0882],[-77.5472,60.0611],[-77.3118,60.0424],[-77.2892,60.022],[-77.3729,59.9251],[-77.3684,59.8844],[-77.3276,59.8334],[-77.3316,59.7966],[-77.4746,59.7157],[-77.4853,59.6846],[-77.411,59.6096],[-77.3491,59.579],[-77.3967,59.5692],[-77.5904,59.6805],[-77.7262,59.6759],[-77.7475,59.6585],[-77.7335,59.581],[-77.749,59.5582],[-77.859,59.4758],[-77.8447,59.4435],[-77.7794,59.4104],[-77.7607,59.38],[-77.8428,59.305],[-77.9876,59.2455],[-78.0677,59.2002],[-78.1402,59.1417],[-78.2444,59.0351],[-78.4305,58.9018],[-78.4587,58.8733],[-78.4826,58.8291],[-78.5023,58.7691],[-78.5151,58.6824],[-78.5059,58.6491],[-78.463,58.6024],[-78.3517,58.5807],[-78.0136,58.3992],[-77.8841,58.3507],[-77.6841,58.2914],[-77.5524,58.2396],[-77.4892,58.1953],[-77.1568,58.0189],[-76.8909,57.7581],[-76.8098,57.658],[-76.7863,57.5986],[-76.6554,57.3806],[-76.6014,57.2723],[-76.5729,57.1812],[-76.5256,56.8918],[-76.5196,56.707],[-76.5298,56.5],[-76.5464,56.3588],[-76.6041,56.1996],[-76.6505,56.1072],[-76.7618,55.9964],[-76.9381,55.8672],[-77.0726,55.7563],[-77.1651,55.6635],[-77.325,55.5555],[-77.7021,55.3442],[-77.7753,55.2913],[-77.8911,55.2364],[-78.1289,55.1513],[-78.3036,55.0686],[-78.475,55.011],[-78.8462,54.908],[-78.9092,54.8815],[-79.6655,54.6975],[-79.7124,54.6718],[-79.714,54.655],[-79.6704,54.6468],[-79.6317,54.6291],[-79.5979,54.6017],[-79.5207,54.4916],[-79.476,54.3948],[-79.4306,54.3366],[-79.3562,54.2634],[-79.2957,54.2168],[-79.216,54.1857],[-79.1467,54.1692],[-79.1388,54.1572],[-79.1788,54.1169],[-79.2418,54.0989],[-79.0671,54.052],[-79.0099,54.024],[-78.996,54.0025],[-79.0733,53.9514],[-79.0751,53.9324],[-79.032,53.8811],[-78.9444,53.8402],[-78.9457,53.8316],[-79.0032,53.8366],[-79.0403,53.818],[-79.0814,53.7423],[-79.1131,53.7172],[-79.1003,53.6566],[-79.0431,53.5605],[-78.992,53.4104],[-78.9471,53.2062],[-78.8982,53.0434],[-78.8541,52.9761],[-78.7398,52.899],[-78.7217,52.8564],[-78.7536,52.8124],[-78.7658,52.7601],[-78.7441,52.6554],[-78.7238,52.6277],[-78.6006,52.5351],[-78.5571,52.4919],[-78.5291,52.3992],[-78.5261,52.3107],[-78.5131,52.2911],[-78.4481,52.2614],[-78.4917,52.2521],[-78.5374,52.2133],[-78.5933,52.1397],[-78.702,52.0327],[-78.8282,51.963],[-78.8712,51.9134],[-78.8911,51.8451],[-78.9279,51.7988],[-78.9816,51.7746],[-78.9777,51.7338],[-78.7763,51.5658],[-78.7364,51.5266],[-78.7313,51.4975],[-78.8274,51.43],[-78.858,51.3839],[-78.8975,51.2717],[-78.9032,51.2003],[-78.9369,51.2591],[-78.9843,51.3864],[-79.005,51.4253],[-79.0405,51.4638],[-79.0909,51.5017],[-79.1527,51.5262],[-79.2261,51.5373],[-79.2643,51.552],[-79.297,51.6228],[-79.3387,51.6282],[-79.4976,51.5699],[-79.5213,51.5447],[-79.528,51.5377],[-79.5475,51.4938],[-79.5857,51.4524],[-79.643,51.4135],[-79.6888,51.3466],[-79.7232,51.2517],[-79.7375,51.1863],[-79.7314,51.1505],[-79.7145,51.1176],[-79.6362,51.049],[-79.5205,50.966],[-79.4526,50.9173],[-79.3807,50.8345],[-79.3479,50.7626],[-79.4562,50.8756],[-79.5196,50.9185],[-79.6515,51.0078],[-79.8362,51.1733],[-79.9604,51.2352],[-80.1036,51.2829],[-80.2657,51.3164],[-80.368,51.3299],[-80.4783,51.3073],[-80.6772,51.1909],[-80.795,51.1318],[-80.8512,51.125],[-80.6727,51.2647],[-80.4955,51.3447],[-80.4433,51.3886],[-80.4476,51.4322],[-80.4958,51.5251],[-80.588,51.6672],[-80.658,51.7584],[-80.7055,51.7983],[-80.9685,51.9722],[-81.1272,52.0454],[-81.2851,52.0892],[-81.3981,52.1422],[-81.4662,52.2045],[-81.5495,52.2368],[-81.648,52.2391],[-81.8146,52.2172],[-81.8279,52.2242],[-81.7764,52.2536],[-81.6612,52.2939],[-81.6115,52.3241],[-81.5717,52.3673],[-81.5994,52.4326],[-81.7423,52.5636],[-81.8593,52.6514],[-82.02,52.8116],[-82.108,52.8774],[-82.2027,52.9217],[-82.2604,52.9611],[-82.2916,53.0307],[-82.2916,53.0661],[-82.2599,53.1598],[-82.2192,53.2115],[-82.1592,53.2642],[-82.1462,53.3646],[-82.1804,53.5128],[-82.1906,53.6109],[-82.15,53.7396],[-82.1415,53.8176],[-82.1626,53.8857],[-82.2399,54.0448],[-82.2636,54.073],[-82.3941,54.1805],[-82.4242,54.2446],[-82.4181,54.3558],[-82.3706,54.4835],[-82.2194,54.8135],[-82.2266,54.8559],[-82.3083,54.9981],[-82.3933,55.0678],[-82.5774,55.1487],[-82.6875,55.1655],[-82.8007,55.1559],[-82.8678,55.1607],[-82.947,55.2222],[-82.9863,55.2314],[-83.2144,55.2146],[-83.5695,55.2618],[-83.6677,55.2645],[-83.9106,55.3146],[-83.9718,55.3142],[-84.023,55.2978],[-84.1054,55.2908],[-84.2189,55.2931],[-84.3565,55.2825],[-84.518,55.2589],[-84.7058,55.2592],[-84.9199,55.2834],[-85.0609,55.2856],[-85.1289,55.2662],[-85.2136,55.2244],[-85.3653,55.0793],[-85.362,55.0955],[-85.212,55.2975],[-85.218,55.349],[-85.2827,55.3833],[-85.4073,55.4312],[-85.4785,55.4743],[-85.5593,55.5402],[-85.6767,55.6011],[-85.8305,55.6569],[-85.9845,55.6959],[-86.1387,55.7179],[-86.377,55.7732],[-86.9194,55.9146],[-87.2869,55.9747],[-87.4824,56.0213],[-87.5609,56.0563],[-87.8781,56.3416],[-88.0751,56.4673],[-88.2713,56.5357],[-88.4471,56.6087],[-88.6799,56.725],[-88.8265,56.8143],[-88.9485,56.8513],[-89.2116,56.8838],[-89.3423,56.9154],[-89.7908,56.9813],[-90.0752,57.0519],[-90.3448,57.1491],[-90.5922,57.2245],[-90.8975,57.2569],[-91.1113,57.2412],[-92.018,57.0638],[-92.249,57.009],[-92.3557,56.9706],[-92.3721,56.9751],[-92.2983,57.0228],[-92.3034,57.0459],[-92.4563,57.0367],[-92.5103,57.0223],[-92.651,56.9583],[-92.7253,56.9335],[-92.7981,56.922],[-92.8024,56.9283],[-92.738,56.9526],[-92.6752,56.9896],[-92.6141,57.039],[-92.5485,57.1109],[-92.4784,57.2053],[-92.4398,57.275],[-92.4328,57.3203],[-92.4494,57.3849],[-92.4896,57.4686],[-92.7017,57.7778],[-92.7398,57.844],[-92.8417,58.0759],[-92.9251,58.2245],[-93.1002,58.4898],[-93.1265,58.5644],[-93.1546,58.6946],[-93.1788,58.7256],[-93.2781,58.7564],[-93.375,58.741],[-93.4862,58.7445],[-93.78,58.7726],[-94.0558,58.76],[-94.1232,58.7367],[-94.2089,58.6264],[-94.2722,58.378],[-94.3322,58.2974],[-94.3326,58.3391],[-94.2808,58.6589],[-94.2871,58.716],[-94.4192,58.7455],[-94.5397,58.8484],[-94.5792,58.8685],[-94.6237,58.8757],[-94.6734,58.8701],[-94.7134,58.9033],[-94.7437,58.9754],[-94.7762,59.0206],[-94.8466,59.0503],[-94.9573,59.0688],[-94.8703,59.088],[-94.8195,59.1513],[-94.7883,59.2679],[-94.7767,59.4781],[-94.7858,59.9533],[-94.7719,60.0018],[-94.7416,60.1074],[-94.6704,60.3011],[-94.6468,60.4164],[-94.6707,60.4533],[-94.7053,60.4775],[-94.7617,60.4982],[-94.6788,60.5377],[-94.5689,60.542],[-94.5094,60.6045],[-94.4272,60.7307],[-94.3087,60.871],[-94.1541,61.0254],[-94.0678,61.1389],[-94.05,61.2113],[-94.0552,61.2662],[-94.0834,61.3037],[-94.0607,61.3178],[-93.942,61.308],[-93.8888,61.344],[-93.8893,61.3641],[-93.9409,61.4437],[-93.9127,61.4814],[-93.7097,61.6025],[-93.4206,61.7058],[-93.3523,61.7396],[-93.312,61.7673],[-93.3144,61.7798],[-93.4299,61.8121],[-93.4942,61.8469],[-93.5267,61.8716],[-93.5818,61.942],[-93.372,61.929],[-93.3331,61.9329],[-93.2734,61.9611],[-93.2969,61.9816],[-93.3664,62.0146],[-93.3498,62.0298],[-93.1675,62.0336],[-93.0734,62.0605],[-93.0163,62.0927],[-93.0277,62.1086],[-93.0703,62.1278],[-93.0659,62.1498],[-92.9055,62.2151],[-92.9145,62.245],[-92.9878,62.2859],[-93.1792,62.3496],[-93.2054,62.3649],[-93.1544,62.3668],[-92.8658,62.3062],[-92.7348,62.2597],[-92.6481,62.2078],[-92.5792,62.1773],[-92.528,62.1684],[-92.544,62.2023],[-92.6274,62.2791],[-92.7015,62.3282],[-92.766,62.35],[-92.768,62.38],[-92.7074,62.4182],[-92.595,62.4701],[-92.5622,62.5029],[-92.5514,62.5467],[-92.4974,62.5648],[-92.4,62.5572],[-92.3241,62.5646],[-92.2695,62.587],[-92.2072,62.5854],[-92.0812,62.5441],[-92.0079,62.5405],[-91.9444,62.5755],[-91.9358,62.5924],[-91.9559,62.6448],[-92.1491,62.6653],[-92.2432,62.6836],[-92.3052,62.7117],[-92.3453,62.7338],[-92.3777,62.7724],[-92.3881,62.8009],[-92.3613,62.8194],[-92.1961,62.8288],[-92.1521,62.8391],[-92.1101,62.8617],[-92.0342,62.8634],[-91.8696,62.8347],[-91.449,62.8041],[-91.3495,62.8189],[-91.1149,62.9216],[-91.0077,62.9404],[-90.8712,62.9459],[-90.7779,62.9716],[-90.7276,63.0175],[-90.6986,63.0639],[-90.6907,63.1105],[-90.7113,63.3041],[-90.7466,63.3516],[-90.9701,63.4428],[-91.1031,63.4759],[-91.3301,63.5068],[-91.4893,63.5622],[-91.686,63.6597],[-91.8418,63.6976],[-91.9568,63.6756],[-92.0766,63.64],[-92.2896,63.563],[-92.4651,63.5551],[-92.461,63.5694],[-92.205,63.6568],[-92.1569,63.6917],[-92.1965,63.7078],[-92.3392,63.7349],[-92.5292,63.7612],[-93.1659,63.9018],[-93.2504,63.9269],[-93.3785,63.9485],[-93.4059,63.9412],[-93.3803,63.9],[-93.3269,63.8723],[-93.2662,63.8533],[-93.2702,63.8409],[-93.4156,63.838],[-93.5598,63.8653],[-93.6642,63.9414],[-93.6558,63.9728],[-93.6049,64.0045],[-93.5967,64.0406],[-93.6963,64.1472],[-93.4297,64.0288],[-92.9702,63.9376],[-92.5501,63.8295],[-92.3384,63.7876],[-92.1952,63.776],[-92.0949,63.7844],[-92.0376,63.813],[-91.9822,63.8224],[-91.9289,63.8125],[-91.9194,63.8006],[-91.9538,63.7868],[-91.956,63.7723],[-91.926,63.7571],[-91.6747,63.7422],[-91.5388,63.7256],[-91.1081,63.6178],[-90.9457,63.5878],[-90.8119,63.5809],[-90.7068,63.5969],[-90.635,63.6238],[-90.5964,63.6613],[-90.5335,63.6654],[-90.4462,63.6362],[-90.3688,63.6244],[-90.2453,63.6419],[-90.1547,63.6896],[-90.0134,63.8043],[-90.018,63.8293],[-90.0596,63.8775],[-90.1682,63.9788],[-90.1419,63.982],[-89.9219,63.9436],[-89.8557,63.957],[-89.8606,63.9788],[-89.9536,64.0806],[-89.9856,64.1002],[-90.08,64.1277],[-90.0416,64.1409],[-89.8113,64.1806],[-89.7921,64.1683],[-89.7638,64.0995],[-89.7327,64.077],[-89.6158,64.0306],[-89.5513,64.0148],[-89.5009,64.0145],[-89.4647,64.0297],[-89.4035,64.04],[-89.2146,63.9841],[-89.1315,63.9685],[-89.1077,63.9811],[-89.2094,64.1054],[-89.2006,64.1138],[-89.0596,64.0344],[-88.9644,64.0112],[-88.8177,63.9922],[-88.653,64.0094],[-88.379,64.0893],[-88.1056,64.1833],[-87.9976,64.2439],[-87.9636,64.3025],[-87.885,64.4004],[-87.2805,64.8262],[-87.1829,64.9268],[-87.0285,65.0636],[-87.0027,65.1086],[-87.0275,65.1981],[-87.108,65.2248],[-87.3919,65.2605],[-87.9295,65.2803],[-88.1978,65.2799],[-88.974,65.3483],[-89.1266,65.3956],[-89.2417,65.4464],[-89.6004,65.6478],[-89.788,65.7367],[-89.9241,65.7803],[-90.0476,65.8056],[-90.1586,65.8127],[-90.5968,65.8848],[-90.9834,65.9192],[-91.0649,65.8999],[-91.0736,65.8855],[-91.0411,65.8298],[-91.2852,65.8944],[-91.4272,65.9479],[-91.4115,65.9594],[-91.3055,65.9646],[-91.0095,65.9657],[-90.8257,65.9539],[-90.6555,65.9293],[-90.5133,65.9205],[-90.3163,65.9264],[-90.1166,65.8824],[-90.0038,65.8826],[-89.8897,65.8686],[-89.8478,65.8723],[-89.944,65.9336],[-89.8905,65.9408],[-89.7494,65.936],[-89.5927,65.9093],[-89.4204,65.8608],[-89.0877,65.739],[-88.9461,65.703],[-88.8085,65.6917],[-88.7439,65.6788],[-88.6725,65.6116],[-88.5867,65.5876],[-88.3949,65.5162],[-88.121,65.3946],[-87.97,65.3489],[-87.6781,65.3354],[-87.4529,65.339],[-87.2915,65.3548],[-87.1938,65.3831],[-87.0811,65.4408],[-86.9532,65.5283],[-86.702,65.6706],[-86.0429,66.0226],[-86.0123,66.0485],[-85.9587,66.119],[-85.9643,66.1544],[-86.0008,66.1868],[-86.1131,66.2253],[-86.301,66.2699],[-86.5848,66.3219],[-86.6851,66.3604],[-86.747,66.4171],[-86.7384,66.4329],[-86.7001,66.4428],[-86.6886,66.4575],[-86.7371,66.5109],[-86.7082,66.523],[-86.6332,66.5313],[-86.0632,66.5204],[-85.7917,66.533],[-85.6039,66.5683],[-85.4422,66.5374],[-85.3068,66.4403],[-85.1915,66.3697],[-85.0962,66.3253],[-84.9084,66.2713],[-84.6281,66.2077],[-84.4784,66.1793],[-84.4594,66.1862],[-84.3984,66.2587],[-84.3243,66.2907],[-84.2931,66.2918],[-84.0117,66.2312],[-83.9051,66.2118],[-83.869,66.2136],[-83.7976,66.2385],[-83.8258,66.29],[-83.9642,66.4206],[-84.0942,66.5262],[-84.1527,66.5902],[-84.1831,66.6479],[-84.223,66.6825],[-84.3189,66.7118],[-84.5895,66.8566],[-84.6025,66.8751],[-84.6386,66.9023],[-84.7377,66.9336],[-84.8574,66.9407],[-84.899,66.9266],[-84.978,66.8813],[-85.0183,66.8721],[-85.1113,66.8909],[-85.1137,66.9069],[-85.04,66.9561],[-84.8458,67.0287],[-84.6926,67.0166],[-84.5385,66.9728],[-84.5307,66.9613],[-84.4661,66.9274],[-84.3104,66.8627],[-84.2726,66.8392],[-84.3611,66.8226],[-84.3663,66.8111],[-84.3244,66.7818],[-84.208,66.7363],[-84.1544,66.7317],[-84.05,66.7395],[-83.998,66.7285],[-83.9202,66.6791],[-83.7392,66.5344],[-83.6511,66.4846],[-83.6284,66.4607],[-83.5903,66.3878],[-83.5231,66.3688],[-83.4064,66.3712],[-83.2984,66.3921],[-83.1988,66.4315],[-82.9489,66.5508],[-82.6415,66.5875],[-82.5537,66.6214],[-82.3748,66.7094],[-82.2605,66.7391],[-82.1983,66.7646],[-82.1132,66.8251],[-82.0051,66.9204],[-81.9255,66.9747],[-81.8745,66.9879],[-81.7224,66.9861],[-81.6301,67.002],[-81.4676,67.0699],[-81.4427,67.0929],[-81.3872,67.1886],[-81.3011,67.357],[-81.2701,67.4599],[-81.2943,67.4974],[-81.4123,67.5954],[-81.4928,67.6369],[-81.7086,67.7224],[-81.8693,67.8025],[-81.9765,67.862],[-82.0625,67.9282],[-82.1005,67.9898],[-82.1021,68.0189],[-82.0919,68.0515],[-82.0134,68.1734],[-82.0125,68.1939],[-82.0339,68.1959],[-82.0776,68.1797],[-82.1513,68.1397],[-82.1866,68.1344],[-82.2224,68.1453],[-82.3925,68.2853],[-82.4227,68.2966],[-82.4307,68.3066],[-82.3929,68.3383],[-82.413,68.3572],[-82.4642,68.3824],[-82.5527,68.4465],[-82.5486,68.4686],[-82.4987,68.4786],[-82.3972,68.4776],[-82.2102,68.5063],[-82.1063,68.4985],[-82.0065,68.4626],[-81.9148,68.4588],[-81.8314,68.4869],[-81.6395,68.5244],[-81.5269,68.556],[-81.2815,68.6572],[-81.2591,68.6924],[-81.2525,68.7432],[-81.2635,68.7806],[-81.3313,68.828],[-81.3809,68.85],[-81.476,68.8656],[-81.6869,68.879],[-81.9579,68.8836],[-81.9517,68.9091],[-81.7583,68.9567],[-81.6114,69.003],[-81.3287,69.1199],[-81.3216,69.1389],[-81.3778,69.1856],[-81.4123,69.1981],[-81.7322,69.2581],[-81.9518,69.2761],[-82.1505,69.2489],[-82.2275,69.2489],[-82.2468,69.265],[-82.2082,69.297],[-82.2318,69.3326],[-82.3099,69.41],[-82.642,69.4584],[-82.7548,69.4944],[-82.6333,69.5181],[-82.4957,69.5322],[-82.3902,69.6009],[-82.3742,69.6418],[-82.6184,69.6911],[-82.7456,69.6951],[-82.9914,69.6859],[-83.5517,69.704],[-83.6653,69.6997],[-83.9172,69.7454],[-84.2417,69.835],[-84.3188,69.8437],[-84.6451,69.8497],[-84.834,69.8351],[-85.0198,69.8048],[-85.1768,69.8051],[-85.305,69.8361],[-85.4151,69.8495],[-85.5074,69.8453],[-85.5348,69.8351],[-85.4975,69.819],[-85.4461,69.7778],[-85.4479,69.7481],[-85.5024,69.6515],[-85.482,69.6188],[-85.4301,69.5807],[-85.416,69.5478],[-85.4395,69.5199],[-85.4372,69.4882],[-85.4092,69.4525],[-85.4022,69.4268],[-85.4164,69.4109],[-85.4319,69.3539],[-85.4275,69.3184],[-85.3868,69.2319],[-85.2755,69.1723],[-85.2426,69.1627],[-85.1135,69.1659],[-84.89,69.0928],[-84.8622,69.074],[-84.8927,69.021],[-84.8953,68.9885],[-84.9161,68.9623],[-85.0083,68.9492],[-85.0834,68.9079],[-85.1043,68.8709],[-85.1066,68.844],[-84.8675,68.7904],[-84.8676,68.7733],[-85.2751,68.7414],[-85.3381,68.7463],[-85.425,68.7743],[-85.4911,68.774],[-85.5178,68.7698],[-85.5625,68.7288],[-85.6432,68.6997],[-85.6898,68.6709],[-85.7338,68.6301],[-85.7449,68.5783],[-85.7228,68.5155],[-85.7311,68.445],[-85.7889,68.328],[-85.9526,68.0725],[-85.9845,68.0454],[-86.3697,67.8248],[-86.398,67.8001],[-86.4755,67.7131],[-86.5035,67.6495],[-86.5364,67.5162],[-86.5608,67.4821],[-86.6094,67.4508],[-86.682,67.4223],[-86.7499,67.4061],[-86.8128,67.4024],[-86.9239,67.3563],[-87.0832,67.2678],[-87.2663,67.1838],[-87.3203,67.1729],[-87.3594,67.1772],[-87.3919,67.1911],[-87.4179,67.2142],[-87.4708,67.3246],[-87.4991,67.3553],[-87.9972,67.6257],[-88.1959,67.7658],[-88.3138,67.9503],[-88.3251,67.9888],[-88.3196,68.1658],[-88.3607,68.2599],[-88.347,68.2883],[-88.2353,68.3391],[-88.2091,68.3349],[-88.1458,68.266],[-88.1111,68.2512],[-87.991,68.242],[-87.8927,68.2481],[-87.8533,68.2669],[-87.8279,68.3],[-87.8136,68.3457],[-87.8103,68.4042],[-87.8277,68.4481],[-87.866,68.4776],[-87.9115,68.5647],[-87.9644,68.7093],[-88.0414,68.8117],[-88.2235,68.915],[-88.3155,68.9544],[-88.6377,69.0588],[-88.8146,69.1359],[-88.9535,69.2204],[-89.0567,69.2661],[-89.1985,69.2695],[-89.2795,69.2555],[-89.3519,69.227],[-89.552,69.0849],[-89.6666,69.0146],[-89.7202,68.9316],[-89.7508,68.8125],[-89.7831,68.7359],[-89.8842,68.6256],[-89.8966,68.5944],[-89.8795,68.5215],[-89.8977,68.4908],[-90.0053,68.398],[-90.1164,68.3386],[-90.1568,68.3055],[-90.1744,68.2702],[-90.2048,68.2575],[-90.2478,68.2674],[-90.2853,68.2917],[-90.3172,68.3303],[-90.3601,68.3467],[-90.423,68.3947],[-90.5283,68.4322],[-90.5736,68.4747],[-90.5252,68.6113],[-90.5102,68.6889],[-90.5425,68.786],[-90.539,68.8196],[-90.4684,68.8638],[-90.479,68.8812],[-90.5873,68.9469],[-90.7448,69.1059],[-91.2372,69.2855],[-91.218,69.3021],[-91.1479,69.3026],[-91.0578,69.3184],[-91.0249,69.3152],[-91.0492,69.293],[-91.005,69.2771],[-90.8923,69.2673],[-90.8221,69.2905],[-90.7946,69.3467],[-90.7485,69.3925],[-90.684,69.4277],[-90.6056,69.4453],[-90.5133,69.4451],[-90.4156,69.457],[-90.4505,69.4754],[-90.5549,69.5045],[-90.6666,69.5155],[-90.7857,69.5086],[-90.9502,69.5155],[-91.2881,69.5432],[-91.4399,69.5257],[-91.4269,69.5379],[-91.305,69.5813],[-91.1703,69.6203],[-91.1509,69.6372],[-91.2018,69.6448],[-91.3842,69.6495],[-91.5324,69.615],[-91.7241,69.5456],[-91.912,69.5313],[-92.2091,69.6033],[-92.2583,69.6343],[-92.2308,69.6534],[-92.3117,69.6729],[-92.4935,69.6832],[-92.6428,69.6593],[-92.8026,69.6515],[-92.8545,69.6549],[-92.8878,69.6682],[-92.7509,69.7139],[-92.2848,69.8921],[-92.069,69.984],[-91.9767,70.0387],[-92.0577,70.0714],[-92.127,70.0845],[-92.4458,70.0832],[-92.5119,70.1039],[-92.4547,70.1504],[-92.3633,70.2008],[-92.3205,70.2354],[-92.2903,70.2398],[-92.2086,70.1975],[-92.121,70.1699],[-91.995,70.1432],[-91.8586,70.1327],[-91.6161,70.1479],[-91.5716,70.1616],[-91.5641,70.1783],[-91.6541,70.233],[-91.7156,70.2992],[-91.7608,70.3263],[-91.8204,70.3417],[-91.8755,70.3312],[-91.9262,70.2948],[-91.9835,70.2855],[-92.0474,70.3033],[-92.0726,70.3188],[-92.0372,70.3674],[-92.0491,70.3896],[-92.2145,70.4929],[-92.3154,70.6075],[-92.3558,70.6343],[-92.3885,70.6504],[-92.5675,70.6932],[-92.6417,70.7188],[-92.783,70.7981],[-92.9609,70.8381],[-92.9814,70.8522],[-92.922,70.8871],[-92.9042,70.9161],[-92.8827,71.0693],[-92.8902,71.1224],[-92.9487,71.2621],[-92.9826,71.3003],[-93.0313,71.3357],[-93.2563,71.4608],[-93.4075,71.5207],[-93.5759,71.5687],[-93.7628,71.638],[-93.7816,71.6743],[-93.7509,71.7167],[-93.7463,71.7428],[-93.8102,71.7663],[-94.086,71.7711],[-94.1712,71.7584],[-94.3083,71.7649],[-94.4788,71.8486],[-94.4911,71.9155],[-94.5571,71.979],[-94.6111,71.9869],[-94.7349,71.983],[-94.887,71.9634],[-95.2012,71.9037],[-95.5117,71.7768],[-95.6159,71.6854],[-95.8377,71.5982],[-95.8723,71.5731],[-95.8304,71.5261],[-95.7734,71.5143],[-95.6742,71.5041],[-95.4454,71.5054],[-95.4062,71.4917],[-95.4475,71.4601],[-95.5643,71.3368],[-95.6326,71.3188],[-95.7254,71.3282],[-95.8509,71.3611],[-95.9241,71.3931],[-95.9944,71.4106],[-96.062,71.4139],[-96.1396,71.3964],[-96.2713,71.3391],[-96.4057,71.2736],[-96.4466,71.2399],[-96.4208,71.1765],[-96.4455,71.1592],[-96.5044,71.1432],[-96.5248,71.1271],[-96.4704,71.0697],[-96.4913,71.0023],[-96.5511,70.8897],[-96.5489,70.8087],[-96.3589,70.6787],[-96.258,70.6423],[-96.1864,70.6383],[-95.9064,70.6978],[-95.8863,70.6943],[-95.9882,70.6168],[-95.9802,70.5932],[-95.8786,70.549],[-96.0481,70.5671],[-96.1228,70.5612],[-96.2264,70.5417],[-96.2977,70.5114],[-96.3366,70.4702],[-96.5456,70.3272],[-96.5596,70.243],[-96.5514,70.2103],[-96.4924,70.1249],[-96.2694,69.9918],[-96.1718,69.925],[-96.1191,69.8719],[-96.0501,69.8312],[-95.9649,69.8028],[-95.8507,69.7851],[-95.7074,69.7782],[-95.5876,69.7557],[-95.4913,69.7176],[-95.2921,69.6674],[-94.8225,69.5778],[-94.7893,69.5854],[-94.7127,69.6494],[-94.6763,69.6569],[-94.6338,69.6497],[-94.5139,69.5834],[-94.4192,69.517],[-94.3381,69.4743],[-94.2708,69.4551],[-94.1632,69.4459],[-94.0153,69.4467],[-93.9151,69.4577],[-93.7944,69.4979],[-93.6498,69.519],[-93.5323,69.4809],[-93.5224,69.4507],[-93.5429,69.4064],[-93.5371,69.3823],[-93.431,69.375],[-93.4506,69.3552],[-93.5675,69.2969],[-93.7485,69.2261],[-93.8205,69.2526],[-93.801,69.2809],[-93.6126,69.4028],[-93.6195,69.417],[-93.8544,69.3764],[-94.1563,69.3417],[-94.2547,69.3138],[-94.2768,69.2752],[-94.285,69.2416],[-94.2554,69.1515],[-94.2218,69.1364],[-94.0812,69.1358],[-94.0836,69.1231],[-94.2366,69.0498],[-94.4756,68.9582],[-94.5625,68.9117],[-94.6004,68.8032],[-94.5868,68.7755],[-94.4783,68.7428],[-94.2169,68.7605],[-94.0649,68.7848],[-93.9916,68.8206],[-93.9381,68.8891],[-93.8961,68.9822],[-93.8807,68.9968],[-93.8524,69.0003],[-93.8113,68.9927],[-93.7657,68.9696],[-93.7158,68.9311],[-93.6814,68.8873],[-93.6628,68.8382],[-93.6599,68.7837],[-93.6762,68.686],[-93.6439,68.6331],[-93.6058,68.6237],[-93.4489,68.6189],[-93.483,68.5989],[-93.6517,68.5431],[-93.9277,68.4738],[-94.0981,68.3994],[-94.2548,68.2968],[-94.3838,68.227],[-94.4853,68.1901],[-94.7444,68.0709],[-94.861,68.0417],[-94.9552,68.0503],[-95.1259,68.0833],[-95.2347,68.0597],[-95.3841,68.0556],[-95.4265,68.0453],[-95.4607,68.0214],[-95.6505,67.7375],[-95.6337,67.7039],[-95.4634,67.6102],[-95.3896,67.5178],[-95.2956,67.361],[-95.2587,67.2625],[-95.3211,67.1525],[-95.3541,66.9807],[-95.3997,66.9495],[-95.4904,66.9241],[-95.625,66.9163],[-95.9724,66.9522],[-96.0369,66.9375],[-96.0454,66.9231],[-96.0161,66.8705],[-95.7721,66.7261],[-95.7432,66.6904],[-95.7875,66.6168],[-95.7974,66.6166],[-95.8133,66.6901],[-95.8853,66.7414],[-96.3595,66.9894],[-96.4203,67.0362],[-96.4226,67.0518],[-96.4042,67.0632],[-96.3504,67.07],[-96.2156,66.9977],[-96.0955,66.9936],[-96.0195,67.0188],[-95.9541,67.0109],[-95.8618,66.9782],[-95.7687,66.9667],[-95.6106,66.9757],[-95.5594,66.9728],[-95.5022,66.9799],[-95.457,66.9895],[-95.4189,67.0132],[-95.407,67.0561],[-95.4046,67.1156],[-95.4159,67.1556],[-95.5287,67.2092],[-95.557,67.2153],[-95.6264,67.2116],[-95.7777,67.1846],[-95.7825,67.1938],[-95.6952,67.2987],[-95.7199,67.3168],[-95.8791,67.2985],[-96.0126,67.2709],[-96.1415,67.2718],[-96.1692,67.289],[-96.185,67.3756],[-96.2128,67.4043],[-96.3691,67.5098],[-96.3714,67.5539],[-96.2285,67.6792],[-96.1988,67.7178],[-96.1713,67.8317],[-96.036,68.1578],[-95.9703,68.2491],[-96.0756,68.2365],[-96.4394,68.1509],[-96.4612,68.1358],[-96.4937,68.085],[-96.5313,68.0631],[-96.5922,68.0484],[-96.7221,68.0388],[-96.7251,68.0612],[-96.4802,68.2428],[-96.435,68.2901],[-96.4307,68.3106],[-96.6282,68.2503],[-96.9767,68.2554],[-96.9996,68.2649],[-97.0718,68.3329],[-97.136,68.378],[-97.2659,68.4529],[-97.3358,68.4792],[-97.4104,68.4965],[-97.4811,68.4952],[-97.548,68.475],[-97.6396,68.482],[-97.8286,68.5328],[-97.9251,68.5237],[-97.9389,68.5104],[-97.911,68.4495],[-97.7942,68.3876],[-98.0905,68.3463],[-98.2186,68.3174],[-98.4686,68.3821],[-98.5222,68.3834],[-98.5623,68.3709],[-98.6505,68.3635],[-98.633,68.3312],[-98.4913,68.2236],[-98.4492,68.2008],[-98.3809,68.1325],[-98.3861,68.1153],[-98.5002,68.1323],[-98.5003,68.1177],[-98.4384,68.0647],[-98.1925,67.923],[-98.1105,67.903],[-97.9133,67.9536],[-97.7391,67.9782],[-97.5466,67.9607],[-97.3361,67.9014],[-97.2065,67.8551],[-97.1581,67.8219],[-97.1398,67.7962],[-97.1572,67.7548],[-97.1554,67.7264],[-97.1944,67.6969],[-97.2743,67.6663],[-97.4549,67.617],[-97.6074,67.6311],[-97.9308,67.7108],[-97.9776,67.7386],[-98.0625,67.7697],[-98.4148,67.9884],[-98.5398,68.0466],[-98.6315,68.0726],[-98.6898,68.0661],[-98.7201,68.042],[-98.7222,68.0002],[-98.7036,67.9657],[-98.6065,67.9114],[-98.4678,67.8558],[-98.4171,67.8265],[-98.4121,67.8072],[-98.4528,67.7979],[-98.6973,67.7797],[-98.8117,67.7444],[-98.9205,67.7258],[-99.0322,67.7188],[-99.1469,67.7236],[-99.2936,67.7453],[-99.4723,67.7841],[-99.7729,67.8148],[-100.2129,67.8386],[-100.4561,67.8395],[-100.5196,67.8184],[-100.6161,67.8083],[-100.7456,67.8091],[-100.8556,67.799],[-101.0264,67.7657],[-101.0964,67.7624],[-101.555,67.6932],[-101.6889,67.7086],[-101.8836,67.7453],[-102.0572,67.7533],[-102.2098,67.7327],[-102.3204,67.7356],[-102.3891,67.7622],[-102.692,67.8116],[-102.8416,67.8527],[-103.0218,67.9402],[-103.3232,68.0638],[-103.4741,68.115],[-103.6572,68.0691],[-103.9016,68.0411],[-104.1936,68.0312],[-104.3507,68.0412],[-104.4868,68.0632],[-104.6282,68.1215],[-104.6611,68.1488],[-104.6364,68.2139],[-104.6532,68.2301],[-104.7696,68.2518],[-104.8794,68.2453],[-104.912,68.2505],[-104.9367,68.303],[-104.9598,68.3105],[-104.9938,68.3074],[-105.0436,68.2879],[-105.1013,68.298],[-105.195,68.3304],[-105.3774,68.4138],[-105.4286,68.4583],[-105.4569,68.5781],[-105.5398,68.7187],[-105.6061,68.7824],[-105.6856,68.8282],[-105.7979,68.8648],[-106.0157,68.9061],[-106.1645,68.9199],[-106.3243,68.8995],[-106.7135,68.8195],[-106.8307,68.8095],[-107.4359,68.6889],[-107.7664,68.6489],[-108.3135,68.6108],[-108.3458,68.5978],[-108.6409,68.3785],[-108.7181,68.2975],[-108.6866,68.2773],[-108.3679,68.1775],[-108.3228,68.1541],[-108.261,68.1499],[-108.1046,68.1693],[-108.0272,68.1629],[-107.7342,68.1737],[-107.6776,68.2029],[-107.7342,68.2521],[-107.7415,68.2857],[-107.6193,68.3311],[-107.4991,68.3235],[-107.2981,68.2964],[-107.1462,68.3042],[-107.0433,68.3468],[-106.9458,68.3744],[-106.8537,68.3868],[-106.7804,68.3873],[-106.6085,68.3574],[-106.5666,68.389],[-106.5433,68.4606],[-106.4581,68.5165],[-106.2373,68.5766],[-106.0271,68.6233],[-105.9322,68.6365],[-105.7743,68.6111],[-105.7502,68.5923],[-105.7812,68.5266],[-105.8569,68.4751],[-105.9331,68.4431],[-106.0393,68.4073],[-106.1321,68.3899],[-106.2712,68.3832],[-106.4044,68.3193],[-106.4295,68.2885],[-106.4243,68.2006],[-106.4595,68.1957],[-106.5349,68.2093],[-106.6684,68.216],[-106.711,68.2068],[-106.7907,68.1448],[-106.8356,68.1286],[-106.9226,68.1142],[-106.9937,68.1063],[-107.1248,68.1084],[-107.2241,68.0938],[-107.3511,68.0612],[-107.4462,68.0497],[-107.5094,68.0591],[-107.761,68.0322],[-107.7983,68.0369],[-107.7875,68.0125],[-107.7286,67.9588],[-107.7631,67.9068],[-107.8909,67.8563],[-107.9584,67.8186],[-107.9721,67.732],[-107.9541,67.7],[-107.8651,67.6392],[-107.753,67.5869],[-107.6499,67.5113],[-107.6384,67.4742],[-107.6509,67.4282],[-107.644,67.3848],[-107.5675,67.273],[-107.4824,67.1991],[-107.3185,67.1278],[-107.2832,67.1033],[-107.3479,67.0548],[-107.3233,67.0226],[-107.2538,66.9764],[-107.1565,66.8817],[-107.2002,66.8826],[-107.3292,66.932],[-107.4021,66.948],[-107.4188,66.9307],[-107.4513,66.9268],[-107.4992,66.9362],[-107.6262,67.0031],[-107.7251,66.9841],[-107.746,66.9615],[-107.7402,66.8138],[-107.7309,66.7692],[-107.7104,66.74],[-107.5645,66.6185],[-107.2781,66.4249],[-107.2595,66.3985],[-107.2914,66.4018],[-107.3737,66.4347],[-107.4803,66.4918],[-107.7049,66.6371],[-107.7609,66.6837],[-107.958,66.7813],[-108.0018,66.818],[-108.0496,66.8443],[-108.1015,66.8604],[-108.1577,66.8926],[-108.2182,66.9413],[-108.4553,67.063],[-108.496,67.0923],[-108.4591,67.0904],[-108.3443,67.0575],[-108.2208,67.0506],[-108.0884,67.0698],[-107.9913,67.0952],[-107.9294,67.1268],[-107.9092,67.1625],[-107.9305,67.2025],[-107.9887,67.2564],[-108.347,67.4034],[-108.4915,67.4833],[-108.5929,67.5909],[-108.6133,67.598],[-108.6802,67.6062],[-108.7151,67.5828],[-108.8152,67.4375],[-108.852,67.422],[-108.891,67.4381],[-108.9499,67.4939],[-108.9677,67.5324],[-108.9945,67.6371],[-109.038,67.6912],[-109.0812,67.7107],[-109.2243,67.7298],[-109.6304,67.7327],[-109.686,67.7518],[-109.7602,67.8201],[-109.8313,67.8658],[-109.9042,67.8735],[-109.9365,67.8879],[-110.0425,67.9772],[-110.0739,67.9929],[-110.102,67.9922],[-110.2163,67.954],[-110.372,67.9542],[-110.8049,67.8323],[-110.99,67.7908],[-111.0874,67.7876],[-111.1548,67.7982],[-111.1922,67.8226],[-111.2908,67.8152],[-111.4507,67.7762],[-111.5757,67.7568],[-111.7109,67.7573],[-112.1013,67.7317],[-112.2367,67.7311],[-112.3146,67.7196],[-112.4352,67.6848],[-112.503,67.6819],[-112.8794,67.6799],[-113.075,67.6867],[-113.215,67.7018],[-113.6819,67.7],[-113.8932,67.7069],[-114.0511,67.7269],[-114.1757,67.735],[-114.267,67.7312],[-114.4294,67.7512],[-114.6629,67.7952],[-114.8567,67.8136],[-115.0112,67.8064],[-115.1332,67.8192],[-115.2885,67.8717],[-115.4345,67.9023],[-115.4269,67.9235],[-115.2019,67.9984],[-115.1671,68.0186],[-115.1868,68.0842],[-115.1759,68.1044],[-115.1271,68.132],[-114.8522,68.1953],[-114.7653,68.2702],[-114.2748,68.2479],[-114.0959,68.2668],[-114.0532,68.2834],[-114.0208,68.3065],[-113.9644,68.3991],[-113.9882,68.415],[-114.0511,68.4146],[-114.092,68.4354],[-114.1108,68.4773],[-114.2182,68.5521],[-114.4139,68.6596],[-114.6202,68.7461],[-114.9937,68.85],[-115.2398,68.8918],[-115.4423,68.9409],[-115.6312,68.9726],[-115.8063,68.9866],[-115.8833,68.9873],[-115.9361,68.9581],[-116.1667,68.9753],[-116.2434,68.9741],[-116.2516,68.9579],[-116.0652,68.8554],[-116.0595,68.837],[-116.2227,68.8468],[-116.3341,68.8736],[-116.4246,68.8806],[-116.55,68.8788],[-117.0257,68.916],[-117.1317,68.9071],[-117.227,68.9134],[-117.3113,68.9349],[-117.8303,68.9999],[-118.0952,69.0429],[-118.307,69.0927],[-118.4856,69.1449],[-118.7449,69.2343],[-118.8687,69.2572],[-119.8528,69.3423],[-120.14,69.3806],[-120.2925,69.4206],[-120.6818,69.5669]]}},{"type":"Feature","properties":{},"geometry":{"type":"LineString","coordinates":[[-85.961,16.4297],[-85.9472,16.4036],[-85.8709,16.4615],[-85.8444,16.4877],[-85.8338,16.5109],[-85.8782,16.514],[-85.9242,16.4833],[-85.961,16.4297]]}},{"type":"Feature","properties":{},"geometry":{"type":"LineString","coordinates":[[-72.8515,20.0937],[-72.9067,20.0858],[-72.9604,20.0623],[-72.8993,20.0314],[-72.8784,20.0274],[-72.8442,20.0354],[-72.7398,20.0034],[-72.6389,19.9858],[-72.6235,20.0142],[-72.6641,20.0375],[-72.791,20.0919],[-72.8515,20.0937]]}},{"type":"Feature","properties":{},"geometry":{"type":"LineString","coordinates":[[-81.7838,24.5446],[-81.7397,24.5545],[-81.7387,24.5754],[-81.7677,24.5767],[-81.8114,24.5578],[-81.8092,24.5423],[-81.7838,24.5446]]}},{"type":"Feature","properties":{},"geometry":{"type":"LineString","coordinates":[[-86.7269,21.2643],[-86.7391,21.28],[-86.7529,21.2788],[-86.7364,21.2333],[-86.7136,21.1968],[-86.6963,21.191],[-86.714,21.2393],[-86.7269,21.2643]]}}]}